"","quarter","state","prcp_mean","prcp_sd"
"1","15/01","Alabama",110.278271362582,8.52112932355607
"2","15/01","Alaska",91.276876779729,34.9231250956383
"3","15/01","Arizona",29.8672389372586,19.1630274345469
"4","15/01","Arkansas",119.716541862652,68.6512698897474
"5","15/01","California",38.0525616464746,31.737333790563
"6","15/01","Colorado",29.3027578078078,20.4879129682257
"7","15/01","Connecticut",78.3973581973582,19.6386644662269
"8","15/01","Delaware",101.327635327635,31.3170588564867
"9","15/01","District of Columbia",77.4444444444443,38.8248250097412
"10","15/01","Florida",71.0058748120549,8.99478557456286
"11","15/01","Georgia",92.9318122375437,19.3870427213367
"12","15/01","Hawaii",96.0760180128388,35.0763767143342
"13","15/01","Idaho",51.1285907859079,5.05517691306121
"14","15/01","Illinois",38.63011870058,4.78038848404314
"15","15/01","Indiana",59.0731544760213,24.3079522143924
"16","15/01","Iowa",20.4506275966352,8.84548107311499
"17","15/01","Kansas",14.2869990494091,6.6454643621144
"18","15/01","Kentucky",97.6257432453443,62.4649702774219
"19","15/01","Louisiana",122.717962269386,37.7535671284808
"20","15/01","Maine",63.6359403873285,25.8114133982484
"21","15/01","Maryland",90.0271296577818,31.9596810321721
"22","15/01","Massachusetts",89.2753472089984,12.5604245401695
"23","15/01","Michigan",29.2547249596749,6.67751222024548
"24","15/01","Minnesota",13.2305790576303,3.74590857075289
"25","15/01","Mississippi",130.353551385829,33.4722598827844
"26","15/01","Missouri",49.0420520321612,27.8500698634289
"27","15/01","Montana",29.0001723296228,4.28011730327448
"28","15/01","Nebraska",9.60446554481872,6.6748240596747
"29","15/01","Nevada",18.4497012684583,8.06626340379424
"30","15/01","New Hampshire",65.5021199763593,24.2211578774872
"31","15/01","New Jersey",95.753947368421,33.0687574772885
"32","15/01","New Mexico",23.6108468365592,8.99289925812294
"33","15/01","New York",56.5226853031585,8.82899823032625
"34","15/01","North Carolina",90.4824248808047,7.54330100121944
"35","15/01","North Dakota",11.1972921217416,0.483912001856532
"36","15/01","Ohio",62.5955921892227,23.7858487624369
"37","15/01","Oklahoma",34.9683978935308,15.8563155453944
"38","15/01","Oregon",104.329223992608,29.786433598844
"39","15/01","Pennsylvania",65.0420234341341,25.7926970973551
"40","15/01","Rhode Island",94.3270370370372,23.4940230469379
"41","15/01","South Carolina",92.7362155652053,12.2625974341527
"42","15/01","South Dakota",7.98371736692049,1.43393135422682
"43","15/01","Tennessee",108.341616770294,29.9503097668711
"44","15/01","Texas",58.8416,39.7747564417433
"45","15/01","Utah",27.0598891541787,3.41098455349864
"46","15/01","Vermont",48.276991008991,16.7247047976209
"47","15/01","Virginia",74.5249700043165,17.2248265657489
"48","15/01","Washington",120.568487573335,5.44402216730568
"49","15/01","West Virginia",88.203215339233,42.8727402618948
"50","15/01","Wisconsin",15.4906755212986,2.70676136679288
"51","15/01","Wyoming",21.3247875430521,5.99428780001363
"52","15/02","Alabama",130.137347058782,58.972899338353
"53","15/02","Alaska",62.7484499188998,30.6092607565156
"54","15/02","Arizona",16.8472616122192,6.74396048584124
"55","15/02","Arkansas",177.596268487582,99.0685521361825
"56","15/02","California",23.5060791451174,11.6949610357936
"57","15/02","Colorado",119.040913654619,80.4108910537814
"58","15/02","Connecticut",93.6787234042553,70.6924218202628
"59","15/02","Delaware",114.771935286935,91.2024187014078
"60","15/02","District of Columbia",147.488888888889,128.702319470307
"61","15/02","Florida",83.3098522961818,33.5481622140997
"62","15/02","Georgia",110.183394752712,54.1261467829114
"63","15/02","Hawaii",118.020633683937,16.2777012765863
"64","15/02","Idaho",40.3920486392585,27.3129134943108
"65","15/02","Illinois",108.922928836962,37.4139285543486
"66","15/02","Indiana",146.019980107328,62.9050627692877
"67","15/02","Iowa",127.744925040607,43.8727880989654
"68","15/02","Kansas",144.557581570743,103.673914838501
"69","15/02","Kentucky",146.155241197695,77.4557827167811
"70","15/02","Louisiana",189.977072361379,31.5078853923787
"71","15/02","Maine",99.6369401403866,57.1090400478164
"72","15/02","Maryland",132.400978074683,94.692448036359
"73","15/02","Massachusetts",77.7789941179601,67.8872947154526
"74","15/02","Michigan",96.8931777748409,28.6451371852532
"75","15/02","Minnesota",94.8121445228084,42.0156958372443
"76","15/02","Mississippi",142.17391769923,36.7545756530192
"77","15/02","Missouri",141.033682001672,70.062362384492
"78","15/02","Montana",48.9059264478504,17.6169843725135
"79","15/02","Nebraska",103.360494801948,46.1353833974163
"80","15/02","Nevada",33.6697676623992,22.3280725654112
"81","15/02","New Hampshire",95.2501971423403,78.2939310622102
"82","15/02","New Jersey",97.1431062246653,89.1267840968625
"83","15/02","New Mexico",34.252381092943,22.7434999261721
"84","15/02","New York",110.556682163042,68.5317701077486
"85","15/02","North Carolina",90.555284133031,30.2653534983311
"86","15/02","North Dakota",73.1567204034393,50.8180831022364
"87","15/02","Ohio",133.63531502561,64.0011427968593
"88","15/02","Oklahoma",215.786850472203,150.119872452432
"89","15/02","Oregon",49.4068705980396,15.2952453637331
"90","15/02","Pennsylvania",119.161953996489,81.7876060676764
"91","15/02","Rhode Island",73.0744989106754,58.0184710975597
"92","15/02","South Carolina",96.1835544399003,43.4711167209937
"93","15/02","South Dakota",89.824638743965,60.5790327171806
"94","15/02","Tennessee",122.787916377645,33.4585295034489
"95","15/02","Texas",122.4314,NA
"96","15/02","Utah",57.9580119906508,43.4657036217818
"97","15/02","Vermont",124.355430319455,88.8890645684113
"98","15/02","Virginia",115.092125546473,62.4970430518608
"99","15/02","Washington",31.104641866365,20.0048035089765
"100","15/02","West Virginia",125.334038320179,58.814908440379
"101","15/02","Wisconsin",100.653184839474,16.5373495711025
"102","15/02","Wyoming",75.0876262815357,43.7887164921355
"103","15/03","Alabama",113.138093761536,45.7110267489783
"104","15/03","Alaska",126.090709815269,29.8843911613199
"105","15/03","Arizona",46.0173996563078,6.03442137036994
"106","15/03","Arkansas",81.4521390618041,41.844270355642
"107","15/03","California",10.5315976511497,7.52026802225266
"108","15/03","Colorado",37.3365,30.1325069521273
"109","15/03","Connecticut",67.9515753588927,15.4530094636517
"110","15/03","Delaware",85.3800332383665,13.8825494730024
"111","15/03","District of Columbia",76.2716666666667,46.2489903493399
"112","15/03","Florida",215.128071457551,18.2731112035405
"113","15/03","Georgia",131.314054306104,29.4692399179382
"114","15/03","Hawaii",217.330124796891,106.065418361679
"115","15/03","Idaho",27.6179188448298,7.29758784270107
"116","15/03","Illinois",97.7435899745559,19.2979392150566
"117","15/03","Indiana",99.7545294636627,50.3935804157229
"118","15/03","Iowa",126.615244252954,19.3422408769739
"119","15/03","Kansas",83.3830680783406,40.9062985937273
"120","15/03","Kentucky",129.027483350581,98.1967432239324
"121","15/03","Louisiana",78.244146467332,6.91982502269706
"122","15/03","Maine",85.5893209330516,17.237768732945
"123","15/03","Maryland",83.9668572984749,18.6173547379905
"124","15/03","Massachusetts",77.6667428268229,5.25818649525172
"125","15/03","Michigan",74.0730581393962,10.3361423386183
"126","15/03","Minnesota",104.192167602623,22.8255468268086
"127","15/03","Mississippi",81.9784295143293,31.7923792985402
"128","15/03","Missouri",120.936287742844,75.502881820876
"129","15/03","Montana",35.3862830552576,10.3294246259709
"130","15/03","Nebraska",78.1679838604785,6.12534343710808
"131","15/03","Nevada",18.6105928408256,12.7111346040588
"132","15/03","New Hampshire",95.5126891492982,14.6907901900816
"133","15/03","New Jersey",75.7735623465881,15.9782232624038
"134","15/03","New Mexico",54.196793127937,34.945525138247
"135","15/03","New York",94.5986688708094,19.1189496705821
"136","15/03","North Carolina",122.352645229838,20.5728732843202
"137","15/03","North Dakota",47.6003883633258,16.1578861456443
"138","15/03","Ohio",87.2463452989944,30.1967243180437
"139","15/03","Oklahoma",84.1926971198891,51.3322464348128
"140","15/03","Oregon",17.4522667355411,7.67976842873715
"141","15/03","Pennsylvania",96.0825116752359,22.7245123711981
"142","15/03","Rhode Island",81.5510366826156,13.384069508982
"143","15/03","South Carolina",119.906307385531,33.3399789394115
"144","15/03","South Dakota",72.5633634914215,30.1911443662009
"145","15/03","Tennessee",120.690147366466,54.7647802988772
"146","15/03","Texas",34.9993,10.7836612558073
"147","15/03","Utah",37.8140064856573,3.0224324680765
"148","15/03","Vermont",102.346344590369,24.4943422695788
"149","15/03","Virginia",111.172974610864,42.7424952102103
"150","15/03","Washington",32.9223824879123,18.8481294047138
"151","15/03","West Virginia",106.023122292975,42.4617727473996
"152","15/03","Wisconsin",102.537138737045,13.0016216023222
"153","15/03","Wyoming",28.1574500873777,12.9155359554789
"154","15/04","Alabama",181.295145459681,110.703601182424
"155","15/04","Alaska",124.013513662549,32.8216184359127
"156","15/04","Arizona",30.3146583765335,19.6914166281939
"157","15/04","Arkansas",197.923722528568,97.2392747085518
"158","15/04","California",84.5768680393682,90.5845527606685
"159","15/04","Colorado",33.9059540009072,15.5792741694233
"160","15/04","Connecticut",85.2242835595776,25.3655288716827
"161","15/04","Delaware",108.139627730294,29.2291155035917
"162","15/04","District of Columbia",89.3,33.2595475014318
"163","15/04","Florida",80.2557756136319,24.0408387714968
"164","15/04","Georgia",182.259619294156,72.7023546376802
"165","15/04","Hawaii",189.166001552156,68.4135708506435
"166","15/04","Idaho",80.9470578875426,44.4156659753977
"167","15/04","Illinois",110.853047877592,67.3392794253867
"168","15/04","Indiana",91.9687391471698,39.6195162702919
"169","15/04","Iowa",91.8219971540229,38.8893832364131
"170","15/04","Kansas",64.0468148749047,22.8633704129184
"171","15/04","Kentucky",127.433686491432,36.1404833942089
"172","15/04","Louisiana",190.132007707903,40.8781314271324
"173","15/04","Maine",117.297261485791,48.3114348933318
"174","15/04","Maryland",96.0677167046814,29.1875284883222
"175","15/04","Massachusetts",102.614362292718,29.1987614111138
"176","15/04","Michigan",75.7853677895654,15.0287228686116
"177","15/04","Minnesota",64.2887471142906,10.966323100634
"178","15/04","Mississippi",170.408436280138,40.1033950332902
"179","15/04","Missouri",147.004534585946,93.750027980323
"180","15/04","Montana",41.8062381623125,6.23400363801452
"181","15/04","Nebraska",45.768158602338,14.0487031291698
"182","15/04","Nevada",50.9211727165078,6.13386835644724
"183","15/04","New Hampshire",99.9029664801505,36.3888359592622
"184","15/04","New Jersey",95.0611695404894,34.1969685788159
"185","15/04","New Mexico",42.2637671212245,22.0042487826927
"186","15/04","New York",79.4797617281147,27.0169118534487
"187","15/04","North Carolina",189.434487626293,2.24894922304951
"188","15/04","North Dakota",21.1464288353775,11.9830064395107
"189","15/04","Ohio",79.8471557615344,25.7722619907121
"190","15/04","Oklahoma",118.549022183554,31.0974636923567
"191","15/04","Oregon",205.708681193704,178.021645802963
"192","15/04","Pennsylvania",83.933426270102,31.2818822929865
"193","15/04","Rhode Island",106.401871980676,34.9792613117847
"194","15/04","South Carolina",227.288279393093,70.4818860746815
"195","15/04","South Dakota",31.1193276961727,4.09056051320022
"196","15/04","Tennessee",151.43537705553,47.8294791827387
"197","15/04","Texas",116.2802,NA
"198","15/04","Utah",52.3653175052049,14.1891703202098
"199","15/04","Vermont",85.7645569620253,39.1608378480106
"200","15/04","Virginia",114.592302361222,15.1574373008302
"201","15/04","Washington",208.602425070486,95.7952990646427
"202","15/04","West Virginia",81.1335167043208,33.3983708400125
"203","15/04","Wisconsin",89.1261520764016,26.0764956217312
"204","15/04","Wyoming",33.6863783772508,2.30026434970585
"205","16/01","Alabama",133.883923508418,27.3392348256484
"206","16/01","Alaska",101.814918527432,29.7622791567637
"207","16/01","Arizona",17.9699781433191,22.1733581833585
"208","16/01","Arkansas",107.62892370267,98.7176386467661
"209","16/01","California",136.046556601428,92.0401357783824
"210","16/01","Colorado",33.0967376485303,15.9383442265785
"211","16/01","Connecticut",83.0271305361306,42.125504412934
"212","16/01","Delaware",78.5197654320989,27.0027166747977
"213","16/01","District of Columbia",71.1222222222222,37.5998091504219
"214","16/01","Florida",112.360011045544,53.5476994482939
"215","16/01","Georgia",100.400089751932,31.3835331764828
"216","16/01","Hawaii",60.7917753943684,39.6438097546223
"217","16/01","Idaho",72.5670980561538,27.5183484621752
"218","16/01","Illinois",45.7832204069953,34.0241767343234
"219","16/01","Indiana",70.5207566495717,36.8772741133053
"220","16/01","Iowa",33.0650695121951,25.0128386460581
"221","16/01","Kansas",17.1157645318787,5.5762448612526
"222","16/01","Kentucky",93.4811737361081,41.7819614908417
"223","16/01","Louisiana",164.819402900272,105.966239778534
"224","16/01","Maine",98.9381525642627,22.1469913463909
"225","16/01","Maryland",82.4842024928662,31.3189089871631
"226","16/01","Massachusetts",91.3253041568968,23.0623521584815
"227","16/01","Michigan",64.492458852121,28.6669849064418
"228","16/01","Minnesota",28.9909320088527,22.9453325085514
"229","16/01","Mississippi",169.221675558252,87.0719417377924
"230","16/01","Missouri",40.0077548826853,29.3710619820498
"231","16/01","Montana",31.1634649385285,9.71383299652923
"232","16/01","Nebraska",19.6840075379161,7.87531671920082
"233","16/01","Nevada",39.6605842592031,21.1934212941932
"234","16/01","New Hampshire",83.205882936508,31.8404700872091
"235","16/01","New Jersey",82.2182657943559,35.2369943491838
"236","16/01","New Mexico",8.39807425948826,7.11147430040405
"237","16/01","New York",70.0431511627908,33.7551143881701
"238","16/01","North Carolina",91.9044859715883,50.3253249824751
"239","16/01","North Dakota",10.0526666666667,3.31893160938542
"240","16/01","Ohio",72.8209751961176,35.5838145892184
"241","16/01","Oklahoma",32.0708949223386,24.0133560059941
"242","16/01","Oregon",161.305929626756,54.2657548861426
"243","16/01","Pennsylvania",74.0138227302989,30.6300972443615
"244","16/01","Rhode Island",97.4054292929294,33.8326891086205
"245","16/01","South Carolina",86.7727221345892,28.1281995476815
"246","16/01","South Dakota",17.2735312392886,10.9991479112657
"247","16/01","Tennessee",114.040374822888,40.0609180439936
"248","16/01","Texas",34.8039,5.24729800182913
"249","16/01","Utah",49.4151984531574,20.8577323684782
"250","16/01","Vermont",77.3964432471475,36.2047004081946
"251","16/01","Virginia",86.4567033974198,33.2899093748102
"252","16/01","Washington",167.332294875465,23.3444688167226
"253","16/01","West Virginia",77.2676258989449,15.2695460849527
"254","16/01","Wisconsin",47.9590452789008,45.3629001119956
"255","16/01","Wyoming",36.8606123704892,20.4126444460635
"256","16/02","Alabama",94.5906552168375,40.4366086951545
"257","16/02","Alaska",71.5947984283682,5.8416747812695
"258","16/02","Arizona",13.9638522012579,3.93548101619103
"259","16/02","Arkansas",114.068040647256,34.0701148656336
"260","16/02","California",25.9983805934316,14.3342052688331
"261","16/02","Colorado",62.6010502064509,11.7228199772866
"262","16/02","Connecticut",69.6794855172633,22.1250016285146
"263","16/02","Delaware",103.932045088567,54.821561768791
"264","16/02","District of Columbia",99.4,51.9255777531652
"265","16/02","Florida",149.70116001449,98.2154925310547
"266","16/02","Georgia",89.0965076214528,9.67189447499452
"267","16/02","Hawaii",139.261037276913,3.34656855885163
"268","16/02","Idaho",39.8765826883208,18.6309125080977
"269","16/02","Illinois",96.6767996012769,31.2947347575812
"270","16/02","Indiana",101.610614543404,8.65753728852735
"271","16/02","Iowa",95.6704107036553,16.4261709034261
"272","16/02","Kansas",140.29917478355,1.69294296429704
"273","16/02","Kentucky",115.63103649531,38.5094939942999
"274","16/02","Louisiana",163.889128050486,11.158414960511
"275","16/02","Maine",70.291383929246,13.5853223961065
"276","16/02","Maryland",105.521857422563,53.0550066733467
"277","16/02","Massachusetts",67.3619877300613,22.4104121826668
"278","16/02","Michigan",65.3338908326028,8.05592343748772
"279","16/02","Minnesota",79.6055213529559,22.2428967350786
"280","16/02","Mississippi",116.194294361526,47.9614389629303
"281","16/02","Missouri",119.978269930585,33.3712594826895
"282","16/02","Montana",54.9854394870368,21.5707045225856
"283","16/02","Nebraska",105.23409686501,45.4839558984392
"284","16/02","Nevada",31.1319686599533,22.0294107401658
"285","16/02","New Hampshire",61.6559225482421,4.2169902649968
"286","16/02","New Jersey",76.5581146867677,28.3792352621456
"287","16/02","New Mexico",20.9633872539276,2.7226222679357
"288","16/02","New York",63.9440819400098,0.488108672292365
"289","16/02","North Carolina",101.37895986954,50.2610587606859
"290","16/02","North Dakota",66.4661289046908,8.75785649708168
"291","16/02","Ohio",83.2024161498058,1.81218691674637
"292","16/02","Oklahoma",113.977938686225,37.7654882544675
"293","16/02","Oregon",52.5305102804346,22.3400412842836
"294","16/02","Pennsylvania",84.7289566869672,23.3778745987075
"295","16/02","Rhode Island",78.077975308642,32.7048212167051
"296","16/02","South Carolina",96.4383354131163,45.3967865846865
"297","16/02","South Dakota",70.6277670068296,21.8770257692062
"298","16/02","Tennessee",94.2999096321999,15.3993415410342
"299","16/02","Texas",157.6014,NA
"300","16/02","Utah",42.3349401444349,27.2119628249966
"301","16/02","Vermont",78.715497814041,12.7272632026562
"302","16/02","Virginia",117.832073657049,56.9614556385907
"303","16/02","Washington",38.6605356391158,4.10903087737711
"304","16/02","West Virginia",126.331247745193,42.5534656776627
"305","16/02","Wisconsin",87.338660968661,36.992506548279
"306","16/02","Wyoming",53.4817771105014,29.6469939421807
"307","16/03","Alabama",93.9732220586948,42.0141695065626
"308","16/03","Alaska",127.598383133693,23.2337231134937
"309","16/03","Arizona",53.7083832946058,22.2947924909712
"310","16/03","Arkansas",123.330068041527,72.2667397015946
"311","16/03","California",1.42377029571795,1.4388703930646
"312","16/03","Colorado",24.4235296032553,10.2129133649878
"313","16/03","Connecticut",79.8594035898466,26.6325630667961
"314","16/03","Delaware",147.403282828283,83.5025657152063
"315","16/03","District of Columbia",96.4516666666667,39.6933030665544
"316","16/03","Florida",175.466422446146,45.0091065949968
"317","16/03","Georgia",85.8087534811145,18.9926882441504
"318","16/03","Hawaii",160.242919122873,11.6508128119935
"319","16/03","Idaho",22.3323925083599,20.3893151291517
"320","16/03","Illinois",137.417060115162,49.8347571789447
"321","16/03","Indiana",131.894484257286,39.0430657030735
"322","16/03","Iowa",157.438825580859,5.42898889885347
"323","16/03","Kansas",133.694226165737,12.4265624960748
"324","16/03","Kentucky",131.865057685206,77.8351607788519
"325","16/03","Louisiana",190.880422872796,151.092547638336
"326","16/03","Maine",68.1813497576908,27.0103543606452
"327","16/03","Maryland",120.71312791188,38.017524349483
"328","16/03","Massachusetts",59.16175676574,5.96114173200128
"329","16/03","Michigan",109.327758262672,21.7004222386706
"330","16/03","Minnesota",155.72245160445,12.5486851332245
"331","16/03","Mississippi",113.071813573914,56.092041320153
"332","16/03","Missouri",152.053045696933,29.1433695375777
"333","16/03","Montana",45.5439483171888,17.1302057060792
"334","16/03","Nebraska",79.2530725848674,14.9240095397498
"335","16/03","Nevada",10.7865145872129,7.68335395046559
"336","16/03","New Hampshire",75.9580718954248,16.4664650115406
"337","16/03","New Jersey",98.6240425601678,56.7942543260535
"338","16/03","New Mexico",52.4376232968344,24.3747776681535
"339","16/03","New York",84.5770509315917,21.9795533296402
"340","16/03","North Carolina",145.488238808423,17.8930006168588
"341","16/03","North Dakota",84.0981235672967,25.6003223559744
"342","16/03","Ohio",95.4060671105346,17.4846039871618
"343","16/03","Oklahoma",85.2525171947387,20.445368451688
"344","16/03","Oregon",15.8170003315713,10.9243204016799
"345","16/03","Pennsylvania",96.6118437730953,8.29489785792831
"346","16/03","Rhode Island",67.4150947260625,5.66281419951737
"347","16/03","South Carolina",121.479148673986,35.9237442542132
"348","16/03","South Dakota",69.5491664124418,10.2686845571056
"349","16/03","Tennessee",106.771065729423,52.9362521398087
"350","16/03","Texas",59.3084,25.1169985531711
"351","16/03","Utah",37.2077844285916,32.9874612817971
"352","16/03","Vermont",98.5902329749102,36.9807157297973
"353","16/03","Virginia",121.431321535689,41.5433408718371
"354","16/03","Washington",27.6512165955643,19.5066124771669
"355","16/03","West Virginia",96.5152504061596,28.4089399859667
"356","16/03","Wisconsin",135.24974271786,11.2238106109715
"357","16/03","Wyoming",33.0115800275703,18.8040019842898
"358","16/04","Alabama",69.5576504098266,67.9371888983863
"359","16/04","Alaska",85.4260893965031,29.9740517245118
"360","16/04","Arizona",30.2803184025147,23.7224960117261
"361","16/04","Arkansas",71.5669567085103,21.4303414451578
"362","16/04","California",114.814001824405,42.9570508058689
"363","16/04","Colorado",18.9919393042192,2.45337266341189
"364","16/04","Connecticut",91.6910394265232,14.7033007594852
"365","16/04","Delaware",59.614021843226,32.7822417670828
"366","16/04","District of Columbia",42.5633333333333,43.7304574448214
"367","16/04","Florida",55.0323729528484,46.4667507540937
"368","16/04","Georgia",64.4285785358918,53.9561653393742
"369","16/04","Hawaii",147.910586389301,59.0899644111981
"370","16/04","Idaho",89.1019839491353,44.2112586515632
"371","16/04","Illinois",58.5077878808776,19.8434696172442
"372","16/04","Indiana",66.8874795563656,6.90771021478382
"373","16/04","Iowa",42.7990482954545,8.04253110228829
"374","16/04","Kansas",23.911693490916,14.022473738359
"375","16/04","Kentucky",75.1430236678006,63.098589345353
"376","16/04","Louisiana",81.7060071832002,73.9848665063717
"377","16/04","Maine",116.967512787878,16.5478728689949
"378","16/04","Maryland",54.2136826574102,34.0894910120911
"379","16/04","Massachusetts",98.665550668665,41.1045716536364
"380","16/04","Michigan",68.3283005235632,19.2760965960955
"381","16/04","Minnesota",54.1104977610512,11.2173338342585
"382","16/04","Mississippi",76.1651338548231,59.0886149497936
"383","16/04","Missouri",42.4979269722191,16.9029275194142
"384","16/04","Montana",52.9817825242669,36.5971046409051
"385","16/04","Nebraska",24.5370822870551,4.5966031838999
"386","16/04","Nevada",48.9208247671221,25.8565216768902
"387","16/04","New Hampshire",100.972922728332,26.1700872148026
"388","16/04","New Jersey",75.8287380403659,15.799951814186
"389","16/04","New Mexico",24.0861843191291,13.1773718972303
"390","16/04","New York",98.3160528395219,31.6001202129085
"391","16/04","North Carolina",81.4407180850363,50.8575678950317
"392","16/04","North Dakota",33.0974732398197,4.98309923296809
"393","16/04","Ohio",62.2078160863605,25.601888211397
"394","16/04","Oklahoma",31.4868178199003,13.4910853795938
"395","16/04","Oregon",208.33110756112,66.30336204889
"396","16/04","Pennsylvania",73.6281355609092,29.6236308247737
"397","16/04","Rhode Island",109.311735426929,39.66017345248
"398","16/04","South Carolina",82.2315214468435,48.2383990759135
"399","16/04","South Dakota",31.3636087861333,4.99331321352768
"400","16/04","Tennessee",91.4799748743207,86.4425139642475
"401","16/04","Texas",76.634,NA
"402","16/04","Utah",55.2529264143075,24.9893085857636
"403","16/04","Vermont",87.9327111319379,14.2731324229866
"404","16/04","Virginia",71.8163926923635,37.7174414226406
"405","16/04","Washington",193.562657420255,61.9461744634879
"406","16/04","West Virginia",84.1329023592449,35.6925260575642
"407","16/04","Wisconsin",60.8384342196475,18.5022601342159
"408","16/04","Wyoming",43.2842571811848,15.8363787903987
"409","17/01","Alabama",142.195073953516,72.5337414349081
"410","17/01","Alaska",70.8717477345211,22.2349883601356
"411","17/01","Arizona",34.2724758707086,24.6694881800195
"412","17/01","Arkansas",89.1414134808852,33.4932268950735
"413","17/01","California",216.203755314693,92.0552709187239
"414","17/01","Colorado",30.5777460384793,17.8472173186293
"415","17/01","Connecticut",81.7846142540587,16.628974555417
"416","17/01","Delaware",66.3870547812621,33.8547955179962
"417","17/01","District of Columbia",48.1166666666667,33.118577993829
"418","17/01","Florida",53.0109307360665,24.0349651002448
"419","17/01","Georgia",102.921215777711,72.4041058463747
"420","17/01","Hawaii",96.7642855151634,0.50019140968421
"421","17/01","Idaho",116.267538428396,23.3489454054349
"422","17/01","Illinois",60.2312538865949,39.9450780344242
"423","17/01","Indiana",78.3018554863967,38.6195571358914
"424","17/01","Iowa",44.6396120619379,20.8952385630996
"425","17/01","Kansas",42.86935489006,35.102743403511
"426","17/01","Kentucky",91.547555601847,37.2668549524356
"427","17/01","Louisiana",112.656967204634,60.6852160371536
"428","17/01","Maine",86.7809357099317,12.8025837326859
"429","17/01","Maryland",62.8616272487814,34.134365810327
"430","17/01","Massachusetts",87.9201229868829,21.3214264585099
"431","17/01","Michigan",69.6566180720623,18.4517007602985
"432","17/01","Minnesota",25.4650546300206,1.95845248490484
"433","17/01","Mississippi",125.216356200322,65.0408379921328
"434","17/01","Missouri",53.0899732389869,43.2623540713765
"435","17/01","Montana",44.619322321858,17.1636781474357
"436","17/01","Nebraska",27.1687423968703,14.6149088860321
"437","17/01","Nevada",80.3320788770055,42.8039965511708
"438","17/01","New Hampshire",79.1170442293556,6.69407813461079
"439","17/01","New Jersey",81.6336928787586,33.1219704641093
"440","17/01","New Mexico",26.0487163060825,21.6537457552847
"441","17/01","New York",85.1839966148409,11.1049989853292
"442","17/01","North Carolina",75.5286572051556,40.0679423621623
"443","17/01","North Dakota",12.553371323188,1.30353251012179
"444","17/01","Ohio",88.8102659575681,33.1944006249043
"445","17/01","Oklahoma",62.2289040654458,5.85088879081533
"446","17/01","Oregon",211.54259894018,55.4306597896286
"447","17/01","Pennsylvania",80.449977799264,26.267202861898
"448","17/01","Rhode Island",95.7885540611904,32.7129846897182
"449","17/01","South Carolina",79.2935057631111,49.9477034131473
"450","17/01","South Dakota",14.1071514541058,3.83012585153422
"451","17/01","Tennessee",104.910144240006,46.448423848427
"452","17/01","Texas",69.4778,9.33776930963707
"453","17/01","Utah",85.4160662537785,27.9049962175116
"454","17/01","Vermont",78.3510596541268,8.90115692040427
"455","17/01","Virginia",66.1418820616848,41.0630648994742
"456","17/01","Washington",167.92095902771,64.3406533938341
"457","17/01","West Virginia",94.1731736133731,40.3832444881625
"458","17/01","Wisconsin",50.6901030721953,14.6445373326684
"459","17/01","Wyoming",52.1315457795774,4.63150640465433
"460","17/02","Alabama",190.302682219586,79.404697768403
"461","17/02","Alaska",59.1277844161089,19.6725272455323
"462","17/02","Arizona",4.27957998267762,2.89369552815059
"463","17/02","Arkansas",170.507161569322,68.2689056874751
"464","17/02","California",41.6136385948765,43.0444934751559
"465","17/02","Colorado",59.2607,NA
"466","17/02","Connecticut",121.488482430834,25.4421896994967
"467","17/02","Delaware",108.569143916414,39.0836097868163
"468","17/02","District of Columbia",95.675,67.560426841458
"469","17/02","Florida",79.0697129660178,24.5240775492881
"470","17/02","Georgia",145.863983756897,24.7287907153862
"471","17/02","Hawaii",111.107815718157,44.2615027188543
"472","17/02","Idaho",54.1563637497803,22.8137750555636
"473","17/02","Illinois",145.170884196635,15.334885488519
"474","17/02","Indiana",135.94135015413,39.9429954917128
"475","17/02","Iowa",104.533321660641,16.100763570588
"476","17/02","Kansas",132.335731975784,9.49809411687873
"477","17/02","Kentucky",132.290510976154,22.2121108344973
"478","17/02","Louisiana",209.030653665669,63.4559646584522
"479","17/02","Maine",116.22473143783,33.3690841068279
"480","17/02","Maryland",100.439190304095,52.3839048124415
"481","17/02","Massachusetts",135.570373988756,21.116314876573
"482","17/02","Michigan",99.6869396918396,11.2465503143867
"483","17/02","Minnesota",98.3942766492725,17.6502172160139
"484","17/02","Mississippi",200.600972119049,67.3066125212687
"485","17/02","Missouri",200.575001300254,62.3767882805246
"486","17/02","Montana",49.0101026380263,12.1013403121553
"487","17/02","Nebraska",78.8635079597628,47.6624417450341
"488","17/02","Nevada",25.3922306859807,15.2403102747816
"489","17/02","New Hampshire",140.983318004177,25.2440512809594
"490","17/02","New Jersey",121.457249580105,37.1107945645478
"491","17/02","New Mexico",15.3620183687194,10.1481766848891
"492","17/02","New York",129.392822538554,20.4606457715742
"493","17/02","North Carolina",172.77931131019,10.2386765600392
"494","17/02","North Dakota",35.7889059381865,16.2036643738806
"495","17/02","Ohio",118.529371051654,19.679202716409
"496","17/02","Oklahoma",111.988009389715,57.3998067619009
"497","17/02","Oregon",93.9540452326505,56.19127380781
"498","17/02","Pennsylvania",121.80930141147,19.2619285550908
"499","17/02","Rhode Island",144.157422969188,41.3001714654674
"500","17/02","South Carolina",141.380667270525,13.2133065177993
"501","17/02","South Dakota",58.5609358069767,6.42005206112439
"502","17/02","Tennessee",149.296106499242,29.6682192858258
"503","17/02","Texas",75.8723,NA
"504","17/02","Utah",29.9738745680549,25.1454707792773
"505","17/02","Vermont",144.418187638799,31.0564526178236
"506","17/02","Virginia",133.343798674273,51.9577085128279
"507","17/02","Washington",71.6182379349046,45.3637301426719
"508","17/02","West Virginia",126.44103715239,21.2170883450909
"509","17/02","Wisconsin",129.513197838559,16.4879507936666
"510","17/02","Wyoming",55.4116761867808,28.7615320455269
"511","17/03","Alabama",133.353935223405,38.3464267275107
"512","17/03","Alaska",128.124940024538,40.5711439374049
"513","17/03","Arizona",48.8833707867858,41.1876588086331
"514","17/03","Arkansas",101.348817610679,71.4730229162334
"515","17/03","California",3.74744727697474,4.46106909856749
"516","17/03","Colorado",56.0683,12.1831669971317
"517","17/03","Connecticut",79.3132185516984,31.2134843652099
"518","17/03","Delaware",146.215442315137,82.8615957847037
"519","17/03","District of Columbia",144.856666666667,83.6568923241435
"520","17/03","Florida",228.901344639532,38.4267745669974
"521","17/03","Georgia",132.954423917084,6.98374208401929
"522","17/03","Hawaii",80.5830555555556,19.7740899202953
"523","17/03","Idaho",21.7915566612555,23.8284647934446
"524","17/03","Illinois",72.7431490955994,62.0130189631218
"525","17/03","Indiana",87.7716705759037,59.6822281697743
"526","17/03","Iowa",76.6373834098017,17.8896403272752
"527","17/03","Kansas",73.045422068428,18.5551464424165
"528","17/03","Kentucky",113.95915779401,10.7372760983929
"529","17/03","Louisiana",154.567914406376,154.559989703854
"530","17/03","Maine",67.3916750595601,5.75942133398088
"531","17/03","Maryland",135.508296935117,74.4677499238209
"532","17/03","Massachusetts",87.2158394777266,7.94718675982916
"533","17/03","Michigan",63.399436835534,24.1758553574992
"534","17/03","Minnesota",100.335323386942,39.354336601963
"535","17/03","Mississippi",127.339271313364,62.6349281104569
"536","17/03","Missouri",88.0317084286819,58.7695478296751
"537","17/03","Montana",27.2991140537492,27.6034991448239
"538","17/03","Nebraska",82.5914832841291,24.8038517757212
"539","17/03","Nevada",19.4726288019863,6.4438037280778
"540","17/03","New Hampshire",91.7137511209216,10.8130195088449
"541","17/03","New Jersey",111.60746895987,47.0828303180707
"542","17/03","New Mexico",63.538477124183,9.58602153247017
"543","17/03","New York",93.9522330310297,33.3276524616462
"544","17/03","North Carolina",120.706061309992,11.9842477536582
"545","17/03","North Dakota",58.1595434755646,21.9679650663851
"546","17/03","Ohio",88.9270100791774,61.6701365665515
"547","17/03","Oklahoma",112.369254094285,55.5414212964369
"548","17/03","Oregon",19.2716249310044,28.4670266323089
"549","17/03","Pennsylvania",106.995268936068,53.5189190861174
"550","17/03","Rhode Island",68.3689610566449,22.0089054486368
"551","17/03","South Carolina",137.880583217477,7.69130631879347
"552","17/03","South Dakota",70.7389236350504,16.5128079735631
"553","17/03","Tennessee",131.906732013062,11.4021139423654
"554","17/03","Texas",54.5645,10.4254409604582
"555","17/03","Utah",40.5246481633729,14.3822293384605
"556","17/03","Vermont",93.7591861096039,21.2088169833643
"557","17/03","Virginia",101.516380242354,44.4342467870761
"558","17/03","Washington",13.8433475070975,19.4495264787848
"559","17/03","West Virginia",101.523225119534,64.7777647909934
"560","17/03","Wisconsin",88.9651997890304,44.0692707996848
"561","17/03","Wyoming",37.9872746910977,20.2142871586995
"562","17/04","Alabama",102.046116910339,76.2789498243978
"563","17/04","Alaska",113.327457786682,54.6479535751817
"564","17/04","Arizona",2.40617957606174,2.63199270036878
"565","17/04","Arkansas",67.142016056633,51.0723399205419
"566","17/04","California",36.3178488518372,42.0316158724419
"567","17/04","Colorado",14.3636,NA
"568","17/04","Connecticut",103.581930149453,86.0183882639371
"569","17/04","Delaware",60.3332958921695,35.0472127848699
"570","17/04","District of Columbia",45.82,23.8172551828384
"571","17/04","Florida",84.9129865243862,64.2809084004891
"572","17/04","Georgia",74.6187808995923,39.608655970158
"573","17/04","Hawaii",195.31242074666,25.1263324255794
"574","17/04","Idaho",68.2631082452744,27.0903796879079
"575","17/04","Illinois",80.7138561771336,77.3727751814719
"576","17/04","Indiana",87.3245456352972,46.8322309116166
"577","17/04","Iowa",52.692904066855,71.847497230965
"578","17/04","Kansas",27.9290403108236,41.5216142318453
"579","17/04","Kentucky",92.4080637471947,41.3873704780243
"580","17/04","Louisiana",88.4153322780695,47.8364253144073
"581","17/04","Maine",112.753677258029,53.9050958006168
"582","17/04","Maryland",58.4456081419766,36.0435358738281
"583","17/04","Massachusetts",95.490093510291,61.3079764917822
"584","17/04","Michigan",98.7416352860104,62.7612650946728
"585","17/04","Minnesota",43.8322109158876,50.419283900876
"586","17/04","Mississippi",85.0754786911263,51.3816924966125
"587","17/04","Missouri",47.921357061002,45.1738776548232
"588","17/04","Montana",46.0288576213024,13.1374414744494
"589","17/04","Nebraska",32.7828953831088,44.0855938067649
"590","17/04","Nevada",19.2338343110882,20.3643224717001
"591","17/04","New Hampshire",112.945993489201,80.7538513593606
"592","17/04","New Jersey",71.9432451489422,51.114797446851
"593","17/04","New Mexico",10.8496126519069,12.172837776293
"594","17/04","New York",94.5468059378113,42.8156820350347
"595","17/04","North Carolina",82.203673965066,50.077747788156
"596","17/04","North Dakota",8.70160567347009,1.98289517148675
"597","17/04","Ohio",90.9489027750988,47.3544554708927
"598","17/04","Oklahoma",43.60811827957,52.0839524922756
"599","17/04","Oregon",136.144372983705,55.1883869418226
"600","17/04","Pennsylvania",77.2959755913271,41.2146320311114
"601","17/04","Rhode Island",108.602962962963,62.7848597906378
"602","17/04","South Carolina",73.690698695475,37.5570680768245
"603","17/04","South Dakota",18.4364892913046,17.0774855881573
"604","17/04","Tennessee",107.473302890473,28.2343912817711
"605","17/04","Texas",24.1307,NA
"606","17/04","Utah",20.5577697090688,11.5085292895953
"607","17/04","Vermont",93.8752272727273,40.9155326007887
"608","17/04","Virginia",58.9399901082387,46.1908234838486
"609","17/04","Washington",170.047112938721,53.1167230422699
"610","17/04","West Virginia",81.0487412072084,43.697755719539
"611","17/04","Wisconsin",52.5367493758228,47.7185203494143
"612","17/04","Wyoming",33.6661536215324,10.2517257769108
"613","18/01","Alabama",124.229126149532,70.7518384245763
"614","18/01","Alaska",62.9844848824188,16.8090966091759
"615","18/01","Arizona",19.6013747759324,15.02049347188
"616","18/01","Arkansas",162.145358043516,117.266676791347
"617","18/01","California",103.770878742409,86.6983622723363
"618","18/01","Colorado",23.01855,6.0992909624808
"619","18/01","Connecticut",114.7288775676,25.7102151066345
"620","18/01","Delaware",102.01529693217,25.7467068886626
"621","18/01","District of Columbia",65.0333333333333,46.0623038213823
"622","18/01","Florida",59.1139795472719,19.8929760568226
"623","18/01","Georgia",103.088702040567,26.534387376717
"624","18/01","Hawaii",186.019866146011,84.4209685727562
"625","18/01","Idaho",70.5063375840823,9.35439809886736
"626","18/01","Illinois",78.3985500512087,45.7624521647088
"627","18/01","Indiana",100.190166948775,50.8015512218824
"628","18/01","Iowa",43.9873644388398,18.3684149810339
"629","18/01","Kansas",19.1491626852314,9.69959533391409
"630","18/01","Kentucky",142.966806486276,86.2523586409215
"631","18/01","Louisiana",147.924856406971,39.8018557138214
"632","18/01","Maine",96.8274934205743,24.3421642084582
"633","18/01","Maryland",84.6239629591821,37.2780571747256
"634","18/01","Massachusetts",125.296069682528,9.89807697059385
"635","18/01","Michigan",54.2334457426336,26.4730934517038
"636","18/01","Minnesota",26.3110110970964,6.48196312722988
"637","18/01","Mississippi",165.015424654317,78.5177256684499
"638","18/01","Missouri",88.1240526875748,42.9570500883016
"639","18/01","Montana",45.2051738718501,13.0772792276623
"640","18/01","Nebraska",21.4512685359216,8.31485707931612
"641","18/01","Nevada",37.0195202858879,25.5641791033428
"642","18/01","New Hampshire",89.110974311346,7.51726664750664
"643","18/01","New Jersey",119.206551769609,41.8618425766531
"644","18/01","New Mexico",12.0836046312641,10.81251350416
"645","18/01","New York",88.176371783899,4.583250985895
"646","18/01","North Carolina",97.9488775083055,14.1333692311578
"647","18/01","North Dakota",18.2824295643092,17.4013351644444
"648","18/01","Ohio",94.1980485169322,38.0822185385208
"649","18/01","Oklahoma",49.8383856601398,44.6334594223207
"650","18/01","Oregon",120.349390866939,41.5371705754965
"651","18/01","Pennsylvania",103.36343067396,34.3597579582745
"652","18/01","Rhode Island",146.13235479798,3.57680414553973
"653","18/01","South Carolina",79.4680422172806,7.15189874539846
"654","18/01","South Dakota",24.1525132275132,16.0896587000622
"655","18/01","Tennessee",157.923714813707,104.72866662089
"656","18/01","Texas",53.8912,44.8683294293425
"657","18/01","Utah",44.299689537755,12.5926230422204
"658","18/01","Vermont",78.3470177970178,10.5537856857667
"659","18/01","Virginia",83.5752068849277,17.7706926552641
"660","18/01","Washington",134.879875985625,63.363486940331
"661","18/01","West Virginia",117.568848144838,47.9010127600889
"662","18/01","Wisconsin",34.4813372065393,12.8919760953894
"663","18/01","Wyoming",35.4369885348422,6.18585973160604
"664","18/02","Alabama",146.175101241113,14.5413356881956
"665","18/02","Alaska",73.0339311773795,12.8543376871311
"666","18/02","Arizona",3.39268948980564,3.09517551526018
"667","18/02","Arkansas",97.4845015853711,29.1770188693734
"668","18/02","California",34.2274036915557,32.1116975957205
"669","18/02","Colorado",32.9976,NA
"670","18/02","Connecticut",104.543077274386,35.7010956662262
"671","18/02","Delaware",131.796709401709,53.7424189878907
"672","18/02","District of Columbia",162.888888888889,47.1134397354269
"673","18/02","Florida",180.773495747225,112.282632971273
"674","18/02","Georgia",146.785643600117,29.1640377552702
"675","18/02","Hawaii",157.696855680869,81.3523515650377
"676","18/02","Idaho",56.8704096420196,13.9214633310944
"677","18/02","Illinois",87.3437965134475,42.6126847633005
"678","18/02","Indiana",108.903535649395,33.2511990678747
"679","18/02","Iowa",117.202261205339,76.7375625544457
"680","18/02","Kansas",68.8539007986549,50.6719198981227
"681","18/02","Kentucky",133.184247631637,25.3921358024689
"682","18/02","Louisiana",93.29312604874,40.1202750769124
"683","18/02","Maine",87.9351656702807,46.0130116607891
"684","18/02","Maryland",146.026300673346,54.2854418143468
"685","18/02","Massachusetts",93.7087321050248,38.6312258198722
"686","18/02","Michigan",94.0286189641622,23.8978670442929
"687","18/02","Minnesota",87.2834190890226,47.3872018011073
"688","18/02","Mississippi",125.74147478435,44.4628060972255
"689","18/02","Missouri",84.5344412077725,30.5876676538768
"690","18/02","Montana",77.131181301899,13.5692170698712
"691","18/02","Nebraska",70.2206942126613,53.9092902347489
"692","18/02","Nevada",24.6849129757715,21.1049407213396
"693","18/02","New Hampshire",88.2913531066877,41.7586041231085
"694","18/02","New Jersey",114.49220621251,28.4570542195723
"695","18/02","New Mexico",6.27274657668584,5.23512361850371
"696","18/02","New York",81.9860199203566,12.2890061548173
"697","18/02","North Carolina",168.764504897511,46.3975223095812
"698","18/02","North Dakota",59.5563746584749,55.217311796763
"699","18/02","Ohio",117.778962509051,15.312466374759
"700","18/02","Oklahoma",87.3719023111225,29.6711369074345
"701","18/02","Oregon",70.4941172121146,77.7946902437143
"702","18/02","Pennsylvania",127.092495798765,19.6849410391741
"703","18/02","Rhode Island",85.0394315245479,39.1561329994669
"704","18/02","South Carolina",130.884334467499,26.3193407260817
"705","18/02","South Dakota",82.9442960479146,43.3911759018055
"706","18/02","Tennessee",142.967440323158,17.854921021049
"707","18/02","Texas",31.9157,NA
"708","18/02","Utah",25.8579331406478,20.5026988561166
"709","18/02","Vermont",86.5351010447648,33.6069254361418
"710","18/02","Virginia",144.384350385573,37.6558161116131
"711","18/02","Washington",64.5455009251318,69.2920210977215
"712","18/02","West Virginia",147.035902598025,19.5608551297007
"713","18/02","Wisconsin",118.810003368024,39.783115303787
"714","18/02","Wyoming",61.3303196986256,24.0243535411997
"715","18/03","Alabama",131.044036763973,23.2591857605313
"716","18/03","Alaska",91.7072095784238,49.6260976219035
"717","18/03","Arizona",51.8258582136558,23.5127702652812
"718","18/03","Arkansas",131.033558923522,45.6269632441191
"719","18/03","California",1.60126735488804,1.3220359011616
"720","18/03","Colorado",37.32035,27.7678711651614
"721","18/03","Connecticut",167.199635325828,47.3038258988344
"722","18/03","Delaware",163.965679207399,68.1037798676353
"723","18/03","District of Columbia",214.588888888889,66.0290873052958
"724","18/03","Florida",176.321607965976,45.9005702789088
"725","18/03","Georgia",123.188855434977,44.0796969010339
"726","18/03","Hawaii",210.271507472385,130.59563243799
"727","18/03","Idaho",6.76134901697514,5.14408540048034
"728","18/03","Illinois",107.254181357225,24.3508328986609
"729","18/03","Indiana",118.549482308941,31.6182608245716
"730","18/03","Iowa",153.114977531896,57.526213026024
"731","18/03","Kansas",106.029641933849,10.1812634695562
"732","18/03","Kentucky",150.259761394986,58.2644603262885
"733","18/03","Louisiana",145.459172868647,43.306556212171
"734","18/03","Maine",94.4647467354757,9.51237497404717
"735","18/03","Maryland",202.629840306205,63.2737822921707
"736","18/03","Massachusetts",138.959566371843,40.7867948576732
"737","18/03","Michigan",90.5007437288729,32.1081542341758
"738","18/03","Minnesota",107.976244622202,25.0215597909205
"739","18/03","Mississippi",149.766454163623,23.3171725745888
"740","18/03","Missouri",95.698455383651,45.6458749984529
"741","18/03","Montana",23.7123363829561,4.09884806141282
"742","18/03","Nebraska",93.5000601398245,19.1729760809859
"743","18/03","Nevada",8.3393562376321,8.45114772463378
"744","18/03","New Hampshire",145.24790646256,19.9959789428509
"745","18/03","New Jersey",172.55465179415,20.2966463190545
"746","18/03","New Mexico",54.2642559219808,14.2419690383234
"747","18/03","New York",132.966613082703,12.0480138095722
"748","18/03","North Carolina",197.428341336158,43.6491558054159
"749","18/03","North Dakota",55.353469051243,21.0258294561201
"750","18/03","Ohio",121.622986555549,39.0950819060837
"751","18/03","Oklahoma",109.913191432259,38.2410722011767
"752","18/03","Oregon",7.18039958802041,8.29925169314637
"753","18/03","Pennsylvania",197.876034292821,35.4018065054015
"754","18/03","Rhode Island",119.054674403611,70.9150991691001
"755","18/03","South Carolina",145.953795572647,27.1155526268909
"756","18/03","South Dakota",75.1868404363267,20.0642055399012
"757","18/03","Tennessee",134.469755214498,51.8410565730435
"758","18/03","Texas",152.18155,130.975055626806
"759","18/03","Utah",19.1260566268007,13.4970569169346
"760","18/03","Vermont",99.6119821863931,5.09368045759897
"761","18/03","Virginia",167.852722015204,34.1977100532535
"762","18/03","Washington",20.769897021984,22.4400560336416
"763","18/03","West Virginia",167.380621951808,65.6725423897981
"764","18/03","Wisconsin",131.910221603417,48.5914819635829
"765","18/03","Wyoming",24.8707150025322,13.0211433581143
"766","18/04","Alabama",164.237998612203,98.7635653289201
"767","18/04","Alaska",143.789782831784,29.3690344491447
"768","18/04","Arizona",39.3624164511913,44.5537310953486
"769","18/04","Arkansas",151.322145177275,34.9411274011945
"770","18/04","California",61.7224383890551,38.7619504163668
"771","18/04","Colorado",22.2048,NA
"772","18/04","Connecticut",151.297852474323,44.8357408843812
"773","18/04","Delaware",144.387596899225,41.3119444166168
"774","18/04","District of Columbia",149.516666666667,64.1517796583488
"775","18/04","Florida",102.795151935443,65.3963039234318
"776","18/04","Georgia",183.188623866526,75.7595447107319
"777","18/04","Hawaii",175.875351368014,50.2770694580775
"778","18/04","Idaho",60.8624914463478,9.96654972767792
"779","18/04","Illinois",84.6826508103449,20.1020459932597
"780","18/04","Indiana",87.5325877874971,19.3887515173506
"781","18/04","Iowa",76.3744214396285,40.2039203925125
"782","18/04","Kansas",85.8948551505913,79.6688579409073
"783","18/04","Kentucky",121.075167113161,39.3790362761809
"784","18/04","Louisiana",181.52243407126,44.0878833809668
"785","18/04","Maine",135.73789782926,49.1230581922303
"786","18/04","Maryland",143.267089394664,44.2980762521593
"787","18/04","Massachusetts",151.868221073787,72.9260839291789
"788","18/04","Michigan",79.7902761650247,42.609856412973
"789","18/04","Minnesota",52.9751094075057,33.0009751204953
"790","18/04","Mississippi",150.580987638951,79.1541352027098
"791","18/04","Missouri",96.5419584454387,28.6609153077242
"792","18/04","Montana",37.2256145692645,8.06937079033015
"793","18/04","Nebraska",55.1041513176317,30.465775766343
"794","18/04","Nevada",29.7633095501516,1.82382755142982
"795","18/04","New Hampshire",139.426803528057,67.504200448801
"796","18/04","New Jersey",158.708513528174,59.1077892194848
"797","18/04","New Mexico",34.9342819831822,32.8325213848518
"798","18/04","New York",123.689632233932,36.8333885775077
"799","18/04","North Carolina",162.978522834212,30.5235799540562
"800","18/04","North Dakota",25.9277903866029,12.4246497476901
"801","18/04","Ohio",94.0536766653672,37.3916498053387
"802","18/04","Oklahoma",92.7296250918924,72.13098663047
"803","18/04","Oregon",114.246269363271,54.445601531037
"804","18/04","Pennsylvania",128.104608284417,39.1907419877681
"805","18/04","Rhode Island",173.781134751773,67.8488685037232
"806","18/04","South Carolina",169.099824891158,57.5794244594223
"807","18/04","South Dakota",31.7877466355546,14.7230432813037
"808","18/04","Tennessee",137.62599110076,48.318542566698
"809","18/04","Texas",66.975,NA
"810","18/04","Utah",55.8015875087441,28.2409790463544
"811","18/04","Vermont",124.073365773669,38.75943323478
"812","18/04","Virginia",136.712849918144,16.5989545963539
"813","18/04","Washington",141.00360811089,43.1913568103806
"814","18/04","West Virginia",114.280050932959,15.9853945281765
"815","18/04","Wisconsin",74.7323983744262,51.1750347691705
"816","18/04","Wyoming",32.9811948156798,10.6686103496672
"817","19/01","Alabama",145.220684915274,51.3115791675967
"818","19/01","Alaska",70.1117745082802,23.8178967291835
"819","19/01","Arizona",49.8704469807372,29.6174982641896
"820","19/01","Arkansas",135.982762282993,53.8512211516599
"821","19/01","California",177.848189671815,72.4324611545538
"822","19/01","Colorado",34.51485,3.14528167339588
"823","19/01","Connecticut",104.17091110249,47.9614222665808
"824","19/01","Delaware",95.5810937860938,6.96632382411047
"825","19/01","District of Columbia",93.95,20.160791155111
"826","19/01","Florida",69.921687643312,27.453413207262
"827","19/01","Georgia",107.287523789726,28.1570933195814
"828","19/01","Hawaii",119.475102687274,100.831449951573
"829","19/01","Idaho",78.9629357800456,49.7993756125533
"830","19/01","Illinois",83.3939596306664,5.29126243254025
"831","19/01","Indiana",101.811732542667,9.55941562382254
"832","19/01","Iowa",54.009850034823,13.4613743383448
"833","19/01","Kansas",38.1952517911905,15.6254701336786
"834","19/01","Kentucky",147.462597190038,74.5976059331033
"835","19/01","Louisiana",98.3254169546738,40.0909937586369
"836","19/01","Maine",93.6249084084601,44.443908551412
"837","19/01","Maryland",103.083684641235,8.70383922373049
"838","19/01","Massachusetts",98.620336752487,31.958659270859
"839","19/01","Michigan",63.1766713113028,10.3886077737498
"840","19/01","Minnesota",38.5623053119622,18.6867463016952
"841","19/01","Mississippi",148.101071035476,59.185261981779
"842","19/01","Missouri",88.7333065218809,16.1449731847652
"843","19/01","Montana",36.2964537332523,20.4210980813059
"844","19/01","Nebraska",35.6257203861468,35.4549672649622
"845","19/01","Nevada",69.70433366647,25.3535873480513
"846","19/01","New Hampshire",82.0222718746551,43.7518128405776
"847","19/01","New Jersey",104.415130278527,21.3618061055557
"848","19/01","New Mexico",19.3437029993783,4.0606316656638
"849","19/01","New York",80.7382582571235,32.6646875121854
"850","19/01","North Carolina",105.577547950327,27.750512097024
"851","19/01","North Dakota",17.9956456456456,8.00840733808589
"852","19/01","Ohio",102.701568822115,14.9925100355455
"853","19/01","Oklahoma",49.5327533567114,17.6413319658378
"854","19/01","Oregon",127.723533471359,75.4041350574642
"855","19/01","Pennsylvania",95.7089620758484,16.0962396822934
"856","19/01","Rhode Island",116.557511820331,45.8399096421685
"857","19/01","South Carolina",85.0147095585935,14.6606478712261
"858","19/01","South Dakota",28.6590921897438,16.6021715021711
"859","19/01","Tennessee",193.783260656916,109.778618601577
"860","19/01","Texas",48.77735,23.6679246264855
"861","19/01","Utah",84.727181286807,17.0160226180583
"862","19/01","Vermont",82.7189705882353,39.9724509940682
"863","19/01","Virginia",100.269113167358,20.1654923423731
"864","19/01","Washington",84.3310200139843,40.5605341545154
"865","19/01","West Virginia",99.2253536125193,34.8474817942311
"866","19/01","Wisconsin",55.0332599469547,24.500420294061
"867","19/01","Wyoming",35.573881837654,5.94842329302947
"868","19/02","Alabama",132.210798045916,34.7338196795176
"869","19/02","Alaska",58.8044802102379,12.7935343077567
"870","19/02","Arizona",8.58836783312587,9.62140221211162
"871","19/02","Arkansas",205.781862245509,45.1280427067112
"872","19/02","California",53.5106171864719,33.7408762808582
"873","19/02","Colorado",36.2665,NA
"874","19/02","Connecticut",138.184553425537,49.4940475052917
"875","19/02","Delaware",125.237375837376,28.0135011358392
"876","19/02","District of Columbia",100.272222222222,35.3203291058867
"877","19/02","Florida",82.1451140421805,9.30864435270059
"878","19/02","Georgia",113.129851561231,50.9010356742344
"879","19/02","Hawaii",109.907434422922,34.5478067804917
"880","19/02","Idaho",61.9168823746082,29.652861125014
"881","19/02","Illinois",167.521444753373,73.6467913950536
"882","19/02","Indiana",151.269467150763,9.00010754564765
"883","19/02","Iowa",136.419048938866,76.125648386364
"884","19/02","Kansas",175.84821106772,178.006176129303
"885","19/02","Kentucky",152.079383876016,50.5572014909942
"886","19/02","Louisiana",209.280638037787,23.6740598853435
"887","19/02","Maine",125.622696705267,15.0894346761978
"888","19/02","Maryland",110.403013431161,39.2361547719491
"889","19/02","Massachusetts",124.359166531627,36.6404076551694
"890","19/02","Michigan",110.028513617421,14.9273378525177
"891","19/02","Minnesota",100.412044639722,29.282400266038
"892","19/02","Mississippi",174.930432219549,47.9241127725293
"893","19/02","Missouri",178.793659098546,134.159050882256
"894","19/02","Montana",64.6867176537295,5.4725711690491
"895","19/02","Nebraska",111.806163148118,106.526515792366
"896","19/02","Nevada",39.1690647553631,31.7864072315167
"897","19/02","New Hampshire",123.903874983042,20.1120774944647
"898","19/02","New Jersey",146.668379915199,43.6379318540553
"899","19/02","New Mexico",22.9517045454546,2.73762818579836
"900","19/02","New York",124.13176735203,9.88037679591396
"901","19/02","North Carolina",103.714469439648,60.8527187784774
"902","19/02","North Dakota",57.0189110162794,25.6190901390621
"903","19/02","Ohio",137.015739136926,30.7263391902264
"904","19/02","Oklahoma",179.726750824747,108.983044998016
"905","19/02","Oregon",109.396139827097,74.703298828062
"906","19/02","Pennsylvania",146.891601366433,31.1909073031332
"907","19/02","Rhode Island",141.384149556049,38.6974899310633
"908","19/02","South Carolina",125.786913218866,81.3421157229455
"909","19/02","South Dakota",101.487464384088,47.2473826654542
"910","19/02","Tennessee",139.299127806084,41.5483417509336
"911","19/02","Texas",119.6654,NA
"912","19/02","Utah",60.8771399384912,39.9492779468354
"913","19/02","Vermont",140.464693149987,8.27788295948112
"914","19/02","Virginia",114.508360600305,26.2925411410581
"915","19/02","Washington",53.0897043522197,34.5711355944947
"916","19/02","West Virginia",121.696346663411,23.5529242351281
"917","19/02","Wisconsin",111.489752102068,28.1979898100958
"918","19/02","Wyoming",69.555307382589,35.5615853208981
"919","19/03","Alabama",88.7094386448674,65.9833298942044
"920","19/03","Alaska",87.5558419939235,38.2114093949614
"921","19/03","Arizona",36.1220728203593,12.4416346517518
"922","19/03","Arkansas",100.26745824319,40.027635558835
"923","19/03","California",5.86012206291291,7.47260083072709
"924","19/03","Colorado",32.94905,19.3900700216632
"925","19/03","Connecticut",91.6319664941041,37.9874538558382
"926","19/03","Delaware",72.7355426356589,36.1321581686667
"927","19/03","District of Columbia",78.2222222222222,81.516898952394
"928","19/03","Florida",174.030286125784,102.18693798039
"929","19/03","Georgia",80.1443786286891,50.8833413510221
"930","19/03","Hawaii",108.66461684697,14.1079900534311
"931","19/03","Idaho",28.3729159698708,24.3600607899035
"932","19/03","Illinois",115.726193080136,42.8559993572902
"933","19/03","Indiana",85.2495347120704,14.5625164643693
"934","19/03","Iowa",114.001287123749,42.7438463014638
"935","19/03","Kansas",109.441266319834,86.6887599255235
"936","19/03","Kentucky",73.6893372913677,60.7322851597486
"937","19/03","Louisiana",127.061971325249,74.9888439683419
"938","19/03","Maine",91.7952476933455,35.7110227144766
"939","19/03","Maryland",79.161909669948,60.2567421167854
"940","19/03","Massachusetts",87.1199282481618,31.1737854596933
"941","19/03","Michigan",89.5522697149674,36.5049616506478
"942","19/03","Minnesota",127.024343173722,26.8570167376269
"943","19/03","Mississippi",117.088879681493,93.6849067225518
"944","19/03","Missouri",121.237281207358,38.8028096309865
"945","19/03","Montana",61.120578445517,29.4471518211743
"946","19/03","Nebraska",106.004898520235,40.090714166852
"947","19/03","Nevada",13.1156725934621,10.7809818487799
"948","19/03","New Hampshire",82.4338108592146,29.9690128408351
"949","19/03","New Jersey",95.7595687033187,58.2396331987408
"950","19/03","New Mexico",37.1858147585275,5.44339369041969
"951","19/03","New York",88.504939058957,20.7230906030001
"952","19/03","North Carolina",113.463838252568,35.1972265603728
"953","19/03","North Dakota",108.189802126229,46.158294214419
"954","19/03","Ohio",81.9879589967574,33.5213747727647
"955","19/03","Oklahoma",86.6883463295278,55.200524104092
"956","19/03","Oregon",40.959810387116,48.5864480429218
"957","19/03","Pennsylvania",98.6778502120776,50.9789155849562
"958","19/03","Rhode Island",89.9683585201702,43.9775546353656
"959","19/03","South Carolina",99.1213888050317,26.6277181695613
"960","19/03","South Dakota",118.548504199349,26.2656878341203
"961","19/03","Tennessee",92.1835553045908,74.0707336348692
"962","19/03","Texas",42.25505,19.8543563341902
"963","19/03","Utah",25.0059380814119,16.7351260111726
"964","19/03","Vermont",86.758125200642,3.26793460951003
"965","19/03","Virginia",82.0561035056524,48.6464830373494
"966","19/03","Washington",50.026417967712,41.2395730397192
"967","19/03","West Virginia",82.2556580481193,55.9515434776899
"968","19/03","Wisconsin",133.403504866776,42.1087761132566
"969","19/03","Wyoming",39.4085685655482,13.7674028361514
"970","19/04","Alabama",150.154612754547,55.6985273267401
"971","19/04","Alaska",150.239038276621,10.2223769960514
"972","19/04","Arizona",45.3035317840374,42.8140620629567
"973","19/04","Arkansas",123.339332917991,68.1260922873563
"974","19/04","California",73.0260092169557,83.9931902137494
"975","19/04","Colorado",21.7200792132082,17.0973391180221
"976","19/04","Connecticut",144.950821842355,59.9756215454753
"977","19/04","Delaware",89.2937903861307,40.8565723690673
"978","19/04","District of Columbia",124.180555555555,56.2886980054447
"979","19/04","Florida",107.477410727297,49.3026884901053
"980","19/04","Georgia",133.0321035175,43.2307327999866
"981","19/04","Hawaii",144.896338719847,34.6225498196463
"982","19/04","Idaho",43.2996774848533,22.5615339387062
"983","19/04","Illinois",78.8600534152611,49.1110830754314
"984","19/04","Indiana",84.5694500247003,19.7498082781877
"985","19/04","Iowa",63.7459884426916,48.5553417341784
"986","19/04","Kansas",37.0935119210446,18.7504609374644
"987","19/04","Kentucky",145.415405301623,22.0653502563747
"988","19/04","Louisiana",107.723952453857,86.3579756135302
"989","19/04","Maine",129.533248303491,27.6977746350479
"990","19/04","Maryland",97.4011362970964,38.7777834621528
"991","19/04","Massachusetts",145.582394416994,49.8225691564164
"992","19/04","Michigan",96.3651995407993,35.8484797554936
"993","19/04","Minnesota",68.1898689960307,42.7719110497099
"994","19/04","Mississippi",155.613556291776,101.385899736793
"995","19/04","Missouri",82.4093208023323,49.4370327893467
"996","19/04","Montana",31.6084012979178,8.54072513801577
"997","19/04","Nebraska",38.1712675230685,16.5898061498829
"998","19/04","Nevada",28.9548123560288,24.0269347095141
"999","19/04","New Hampshire",132.065401664339,28.4831017172311
"1000","19/04","New Jersey",117.473607914128,53.190486920493
"1001","19/04","New Mexico",31.3827643180782,18.9498766467503
"1002","19/04","New York",119.923925539836,34.124533924645
"1003","19/04","North Carolina",112.976033005984,24.0403436992194
"1004","19/04","North Dakota",35.0060891554928,27.660771581552
"1005","19/04","Ohio",75.5604982407493,16.8237678453722
"1006","19/04","Oklahoma",64.4611115486189,43.2513711844722
"1007","19/04","Oregon",75.6321621218728,48.0208441591452
"1008","19/04","Pennsylvania",103.54219143319,36.9925298367704
"1009","19/04","Rhode Island",148.745572315883,57.0310383688476
"1010","19/04","South Carolina",131.311383256099,53.494287713756
"1011","19/04","South Dakota",35.3054622165793,17.5481772336934
"1012","19/04","Tennessee",154.846977642798,34.5370076372995
"1013","19/04","Texas",37.8422,NA
"1014","19/04","Utah",46.194319168184,23.9841130672991
"1015","19/04","Vermont",121.254281221397,40.7012918860598
"1016","19/04","Virginia",95.2014956489402,38.8775749331845
"1017","19/04","Washington",103.874374860026,50.073884325028
"1018","19/04","West Virginia",108.442588888889,36.1612329934565
"1019","19/04","Wisconsin",85.1556783089027,44.1110235508095
"1020","19/04","Wyoming",31.2093976967217,6.05480837088438
"1021","20/01","Alabama",214.734566677257,59.2577700265787
"1022","20/01","Alaska",72.6500519943213,23.5281173977935
"1023","20/01","Arizona",35.0183347761375,24.6409073965862
"1024","20/01","Arkansas",159.654464045567,21.5633075646749
"1025","20/01","California",52.5796802416577,43.9210833203277
"1026","20/01","Colorado",31.1087425420502,15.7438968385817
"1027","20/01","Connecticut",81.2202258019196,24.4437155638907
"1028","20/01","Delaware",86.6047576832151,7.3568132101021
"1029","20/01","District of Columbia",87.7777777777778,24.0957426699161
"1030","20/01","Florida",38.2672731750165,33.021684166815
"1031","20/01","Georgia",181.52225660627,61.0158796531444
"1032","20/01","Hawaii",212.22847583942,101.922131267643
"1033","20/01","Idaho",75.7508319450482,35.9656942308136
"1034","20/01","Illinois",80.1971991316583,30.593179164302
"1035","20/01","Indiana",101.495482468367,26.114247141163
"1036","20/01","Iowa",42.4680968498015,33.9192331972841
"1037","20/01","Kansas",43.6646664784553,12.2522498047704
"1038","20/01","Kentucky",138.919562950808,29.0704461761831
"1039","20/01","Louisiana",143.464553587309,46.5843252893829
"1040","20/01","Maine",75.9576291756078,4.62248439326699
"1041","20/01","Maryland",80.3157206785415,4.036273879947
"1042","20/01","Massachusetts",76.4066750951864,26.5989020829751
"1043","20/01","Michigan",62.0342167676447,28.3805207235769
"1044","20/01","Minnesota",26.9188899576732,16.9804173856511
"1045","20/01","Mississippi",208.069631440481,47.8797071881019
"1046","20/01","Missouri",109.147340864894,40.827363781377
"1047","20/01","Montana",35.3682971792669,5.25713922186204
"1048","20/01","Nebraska",24.321032725543,23.3412920691562
"1049","20/01","Nevada",25.7924806416651,15.0512324790465
"1050","20/01","New Hampshire",76.1764252677739,10.533380485409
"1051","20/01","New Jersey",75.9327043134022,17.8073811181689
"1052","20/01","New Mexico",23.2903318918603,9.42488178247627
"1053","20/01","New York",75.7724748325645,8.00348116251234
"1054","20/01","North Carolina",125.524140854181,54.756125940351
"1055","20/01","North Dakota",7.2384329696791,3.14080790092791
"1056","20/01","Ohio",101.151063496134,31.9131753774139
"1057","20/01","Oklahoma",83.9482794881986,45.281921584928
"1058","20/01","Oregon",138.219413730305,104.405694929677
"1059","20/01","Pennsylvania",88.8705091258404,16.3011223713255
"1060","20/01","Rhode Island",81.9672287581699,40.3174531162925
"1061","20/01","South Carolina",142.922608795544,49.7007387170157
"1062","20/01","South Dakota",15.6087705625032,6.19106882650274
"1063","20/01","Tennessee",204.389595491797,32.7525484694147
"1064","20/01","Texas",66.28945,9.6532096447244
"1065","20/01","Utah",45.5566055509604,11.6880470881989
"1066","20/01","Vermont",76.6063556457065,2.7645387639315
"1067","20/01","Virginia",94.9616578195501,26.1357660349818
"1068","20/01","Washington",166.414187441912,101.815096285131
"1069","20/01","West Virginia",108.074131167442,18.3584234794248
"1070","20/01","Wisconsin",47.3133209634505,32.2558042098806
"1071","20/01","Wyoming",33.9810017673815,3.96411837178285
"1072","20/02","Alabama",142.770794927329,48.0035345421904
"1073","20/02","Alaska",62.3191234367325,22.3291489980919
"1074","20/02","Arizona",3.63558242262249,2.55593440408026
"1075","20/02","Arkansas",160.003206965163,39.406338188985
"1076","20/02","California",59.8007568720833,8.10555485439077
"1077","20/02","Colorado",29.2677,NA
"1078","20/02","Connecticut",87.8145322611802,39.0443376431111
"1079","20/02","Delaware",85.6035124196977,14.5213586880698
"1080","20/02","District of Columbia",132.455555555556,12.0550425518092
"1081","20/02","Florida",129.474000890622,27.1230665840486
"1082","20/02","Georgia",130.24533895092,48.7091667430805
"1083","20/02","Hawaii",88.5631210960819,28.0832734753162
"1084","20/02","Idaho",61.3341526110461,19.9664287130862
"1085","20/02","Illinois",137.801664308335,31.9464802291402
"1086","20/02","Indiana",97.5677629841396,33.1085461941654
"1087","20/02","Iowa",99.115246913913,45.858340929686
"1088","20/02","Kansas",79.7338886044239,51.0989724533596
"1089","20/02","Kentucky",128.415013004858,12.6898274321908
"1090","20/02","Louisiana",154.782258562456,4.82473473675873
"1091","20/02","Maine",90.1162849316135,36.5145164519051
"1092","20/02","Maryland",105.901694705995,14.0691889389139
"1093","20/02","Massachusetts",90.6242007097625,41.2832980328109
"1094","20/02","Michigan",85.3826481462753,21.3250105027735
"1095","20/02","Minnesota",57.5109602402421,31.2873767904331
"1096","20/02","Mississippi",152.583050689369,50.2653410850362
"1097","20/02","Missouri",124.455378339138,32.754328733879
"1098","20/02","Montana",60.9555156141168,23.7430123041557
"1099","20/02","Nebraska",66.5816233766233,66.2561808933279
"1100","20/02","Nevada",17.4012279070147,1.74417550329868
"1101","20/02","New Hampshire",82.4949774634049,36.2302226564014
"1102","20/02","New Jersey",82.8349220425685,17.3833303585484
"1103","20/02","New Mexico",5.54315097477476,1.71487914437466
"1104","20/02","New York",74.5827406202072,13.0709428832827
"1105","20/02","North Carolina",175.240982894953,57.5524311681247
"1106","20/02","North Dakota",41.6821937755526,22.6039214540288
"1107","20/02","Ohio",100.827146829349,31.9842258252077
"1108","20/02","Oklahoma",77.0189916511581,30.5607494524556
"1109","20/02","Oregon",70.8733057172712,30.5906859478136
"1110","20/02","Pennsylvania",95.3448854348656,18.3413872623378
"1111","20/02","Rhode Island",94.5950618131868,35.2502231260638
"1112","20/02","South Carolina",143.607682934054,44.9441349592634
"1113","20/02","South Dakota",58.6726762821338,28.9400980764294
"1114","20/02","Tennessee",126.347762877309,44.7301537059582
"1115","20/02","Texas",73.9571,NA
"1116","20/02","Utah",25.7346917450366,15.3400177870635
"1117","20/02","Vermont",76.7513275456683,18.899050389178
"1118","20/02","Virginia",135.941517896875,5.74351224834692
"1119","20/02","Washington",65.4885737179488,33.2330895049335
"1120","20/02","West Virginia",144.152962259541,19.2411893279873
"1121","20/02","Wisconsin",97.8790327380952,31.2104573542074
"1122","20/02","Wyoming",40.85265689067,3.63080635374875
"1123","20/03","Alabama",144.745267824536,3.67055766010888
"1124","20/03","Alaska",110.366355580694,19.1504566928125
"1125","20/03","Arizona",16.9220462393661,11.690649467502
"1126","20/03","Arkansas",132.338543581175,35.5700923699129
"1127","20/03","California",1.22220754618787,0.245983483732539
"1128","20/03","Colorado",30.21485,8.50317117580259
"1129","20/03","Connecticut",71.9864090485917,11.866772881777
"1130","20/03","Delaware",184.897448525994,46.6777999846542
"1131","20/03","District of Columbia",190.543333333333,44.7598439824507
"1132","20/03","Florida",219.066337372885,18.1267993761658
"1133","20/03","Georgia",149.502962695769,40.4378297415292
"1134","20/03","Hawaii",89.8074688954174,28.4853864007219
"1135","20/03","Idaho",11.8975824275057,6.40196886454157
"1136","20/03","Illinois",87.0400179636844,42.3756738338879
"1137","20/03","Indiana",77.984295570094,36.6163529540921
"1138","20/03","Iowa",75.3080561942919,43.530758530581
"1139","20/03","Kansas",84.9556423204933,70.8300976250725
"1140","20/03","Kentucky",118.077249690339,24.9731504672651
"1141","20/03","Louisiana",153.044801044809,45.1120189823842
"1142","20/03","Maine",62.973310978921,37.8139184962445
"1143","20/03","Maryland",151.814847790866,65.5695519725099
"1144","20/03","Massachusetts",56.6183910978484,9.48086104068148
"1145","20/03","Michigan",89.4031555317737,11.4681586174308
"1146","20/03","Minnesota",92.9166331225163,43.5244045046977
"1147","20/03","Mississippi",126.798291607621,31.2306875599442
"1148","20/03","Missouri",101.141933855487,44.3579620619814
"1149","20/03","Montana",20.767335259094,7.29399335187933
"1150","20/03","Nebraska",58.1668817542826,51.3182227899276
"1151","20/03","Nevada",3.50327533785447,1.52014304639587
"1152","20/03","New Hampshire",71.9442848930654,38.6560882541867
"1153","20/03","New Jersey",145.839093907305,26.8264965231291
"1154","20/03","New Mexico",31.0476586311661,18.7154959746235
"1155","20/03","New York",94.1740924453215,25.376235093823
"1156","20/03","North Carolina",166.573159876794,45.7397557342014
"1157","20/03","North Dakota",60.2581776546327,46.1584814897797
"1158","20/03","Ohio",85.2264076920378,5.75230026120317
"1159","20/03","Oklahoma",96.2564834328957,34.5572294557163
"1160","20/03","Oregon",16.471897047356,22.3591617043188
"1161","20/03","Pennsylvania",104.823859878125,38.2766664766897
"1162","20/03","Rhode Island",38.6093484657419,9.30135215382461
"1163","20/03","South Carolina",159.266460847861,30.5238076300424
"1164","20/03","South Dakota",52.0545282984776,32.6067925138334
"1165","20/03","Tennessee",130.265518065812,18.0033730754248
"1166","20/03","Texas",96.9375,58.8469819652631
"1167","20/03","Utah",8.03612604228002,3.03062115969388
"1168","20/03","Vermont",93.6259961430055,23.8594119450869
"1169","20/03","Virginia",170.430757227958,70.489605959333
"1170","20/03","Washington",31.0592724580842,30.9449774832329
"1171","20/03","West Virginia",103.05574796787,25.0552492684481
"1172","20/03","Wisconsin",103.853323175997,30.6721760399357
"1173","20/03","Wyoming",17.0493499724144,7.56537115153909
"1174","20/04","Alabama",103.268352527155,37.1467837283775
"1175","20/04","Alaska",125.869364651268,19.0766924950042
"1176","20/04","Arizona",6.17674263380247,3.70386497854341
"1177","20/04","Arkansas",87.0165337616435,32.8790654386545
"1178","20/04","California",38.9439154069035,37.5352064449221
"1179","20/04","Colorado",19.1928,NA
"1180","20/04","Connecticut",141.369595482046,41.1558629177957
"1181","20/04","Delaware",152.59532428356,20.822398583774
"1182","20/04","District of Columbia",138.62,17.8223567465136
"1183","20/04","Florida",105.320988851934,42.0809737918562
"1184","20/04","Georgia",95.8223867374393,20.4540291106919
"1185","20/04","Hawaii",141.014981350161,60.8900738980234
"1186","20/04","Idaho",54.8581215911384,14.5729886352935
"1187","20/04","Illinois",63.4488233346037,13.8671486272907
"1188","20/04","Indiana",77.7488606666005,33.7918683088203
"1189","20/04","Iowa",46.328693718305,11.4666019901944
"1190","20/04","Kansas",30.4025863195336,5.40628801520592
"1191","20/04","Kentucky",90.2020618104924,36.8058591841771
"1192","20/04","Louisiana",123.629098175491,31.811922104235
"1193","20/04","Maine",135.617293309506,32.2990889086155
"1194","20/04","Maryland",127.146981284817,26.7547326095804
"1195","20/04","Massachusetts",133.254043573494,50.3607271755827
"1196","20/04","Michigan",65.3369819719497,25.6785294178056
"1197","20/04","Minnesota",35.9677768249018,19.5007747702275
"1198","20/04","Mississippi",105.962964157494,30.9203536612055
"1199","20/04","Missouri",70.4954814150802,31.2113029278251
"1200","20/04","Montana",39.6304711884868,20.0049080254245
"1201","20/04","Nebraska",19.0089939143948,5.51957855104114
"1202","20/04","Nevada",16.2634943596243,12.3031955111844
"1203","20/04","New Hampshire",119.770945260385,41.0029545204439
"1204","20/04","New Jersey",125.495984874585,32.7336965926376
"1205","20/04","New Mexico",10.0102276104741,3.33651779054546
"1206","20/04","New York",95.4359596388859,24.3824777785998
"1207","20/04","North Carolina",125.141038911258,25.2191972328113
"1208","20/04","North Dakota",8.43401147202811,6.24060982969888
"1209","20/04","Ohio",80.2147418354315,31.9634448814323
"1210","20/04","Oklahoma",57.0144755391762,32.3395662883932
"1211","20/04","Oregon",128.558557883882,69.482293936845
"1212","20/04","Pennsylvania",97.3265412758678,27.614574832044
"1213","20/04","Rhode Island",163.350595507312,59.389913512529
"1214","20/04","South Carolina",92.4154329881528,20.723066902705
"1215","20/04","South Dakota",16.4641017691799,9.51239781383444
"1216","20/04","Tennessee",98.2796845036993,41.6550689739234
"1217","20/04","Texas",37.5176,NA
"1218","20/04","Utah",23.4812346389078,13.0782010237364
"1219","20/04","Vermont",93.1723585368246,25.5006036711152
"1220","20/04","Virginia",131.275520110805,6.17809097939213
"1221","20/04","Washington",145.93334402566,35.2218893025608
"1222","20/04","West Virginia",88.0427129090271,18.2822512453094
"1223","20/04","Wisconsin",52.739522376644,26.7075267069874
"1224","20/04","Wyoming",24.9539759212737,5.4609053714599
"1225","21/01","Alabama",145.104719856843,70.115027186082
"1226","21/01","Alaska",83.3810118365789,28.7845393634272
"1227","21/01","Arizona",20.4685052635549,17.7371793610032
"1228","21/01","Arkansas",114.218642621079,28.8309478808569
"1229","21/01","California",75.2411223370279,32.5639029895316
"1230","21/01","Colorado",20.60325,9.03222846948636
"1231","21/01","Connecticut",71.8771536877871,17.8351651869714
"1232","21/01","Delaware",97.8831274625689,42.7626068585616
"1233","21/01","District of Columbia",76.44,26.8814582937757
"1234","21/01","Florida",59.0813723640607,39.3525992740965
"1235","21/01","Georgia",119.877565726285,9.33074792389113
"1236","21/01","Hawaii",237.371118308592,125.991758001647
"1237","21/01","Idaho",60.6260321576763,24.7098301756766
"1238","21/01","Illinois",58.7424008880715,15.6511702847965
"1239","21/01","Indiana",69.7627744021374,22.6021671935536
"1240","21/01","Iowa",41.4704442986609,24.6274349360444
"1241","21/01","Kansas",52.0649730004327,51.191686751536
"1242","21/01","Kentucky",121.435001756981,36.7343724461424
"1243","21/01","Louisiana",115.234789806337,25.3007545041628
"1244","21/01","Maine",61.1622717960256,14.524053653468
"1245","21/01","Maryland",84.4915015563074,33.8971558182828
"1246","21/01","Massachusetts",68.462692642162,19.2030319223878
"1247","21/01","Michigan",36.0422925086685,6.24716971533314
"1248","21/01","Minnesota",27.2088658126744,22.6392893533072
"1249","21/01","Mississippi",139.107970917468,52.7727059075977
"1250","21/01","Missouri",85.4716318424732,55.4966951920123
"1251","21/01","Montana",29.3534531877997,13.3688469211664
"1252","21/01","Nebraska",52.2533288763034,58.7195905411401
"1253","21/01","Nevada",30.4541214736828,5.46906345923158
"1254","21/01","New Hampshire",58.3146320649074,13.7728538088045
"1255","21/01","New Jersey",93.5636626262625,40.4614225781111
"1256","21/01","New Mexico",11.9249697007994,0.955755579001828
"1257","21/01","New York",55.8504639993718,10.0851574245354
"1258","21/01","North Carolina",125.399739122225,41.1532808819396
"1259","21/01","North Dakota",5.03146384406867,1.78210600746193
"1260","21/01","Ohio",59.8910424844838,15.1959259274592
"1261","21/01","Oklahoma",48.6091788911274,25.7074807522607
"1262","21/01","Oregon",141.869233140252,62.1730882222908
"1263","21/01","Pennsylvania",71.7222519085919,23.1519248833342
"1264","21/01","Rhode Island",76.1630728238265,19.0290197829215
"1265","21/01","South Carolina",121.156521270805,32.476195468307
"1266","21/01","South Dakota",18.6428995856442,14.7575740750937
"1267","21/01","Tennessee",156.24479904457,98.9587625820614
"1268","21/01","Texas",47.2595,15.9173979085779
"1269","21/01","Utah",42.6659042683311,9.02015548854221
"1270","21/01","Vermont",51.2326264255572,11.0492446744686
"1271","21/01","Virginia",96.7095667554686,31.13836562625
"1272","21/01","Washington",139.721071958916,63.967114227781
"1273","21/01","West Virginia",90.3234047241319,18.4945853122536
"1274","21/01","Wisconsin",32.417150132945,10.6626834271577
"1275","21/01","Wyoming",33.7801802955201,10.8124279008705
"1276","21/02","Alabama",169.090851313113,53.7994801977016
"1277","21/02","Alaska",65.874025743925,7.55816463595158
"1278","21/02","Arizona",2.78750264461108,1.41504733192191
"1279","21/02","Arkansas",149.630618551435,30.2541806189983
"1280","21/02","California",5.17526621705564,3.19733807898268
"1281","21/02","Colorado",37.6869,NA
"1282","21/02","Connecticut",92.7145930780488,44.4262453851851
"1283","21/02","Delaware",86.2681994362227,13.0850638267365
"1284","21/02","District of Columbia",96.9244444444444,20.1898107781935
"1285","21/02","Florida",76.9966132832782,53.9328209595967
"1286","21/02","Georgia",110.735674121571,28.1488436294816
"1287","21/02","Hawaii",81.197789488132,27.0332086957733
"1288","21/02","Idaho",24.5047332083076,10.5770528126918
"1289","21/02","Illinois",77.0397221634582,18.97149892295
"1290","21/02","Indiana",99.5168037800519,27.2168260296084
"1291","21/02","Iowa",79.2679344467967,30.6766540108797
"1292","21/02","Kansas",97.7499936397287,75.3959655100386
"1293","21/02","Kentucky",102.572782509997,22.5942026253234
"1294","21/02","Louisiana",247.805041700296,66.1507013258189
"1295","21/02","Maine",65.0738697705803,22.8293731767206
"1296","21/02","Maryland",89.8902871897002,8.84939314122176
"1297","21/02","Massachusetts",99.4384358033687,37.9296249287982
"1298","21/02","Michigan",85.5162921977309,57.9579248605132
"1299","21/02","Minnesota",63.2581748511514,0.354591189744652
"1300","21/02","Mississippi",210.171604142385,68.6010600834254
"1301","21/02","Missouri",160.895732562813,57.901540843256
"1302","21/02","Montana",39.696545641091,25.9951627065227
"1303","21/02","Nebraska",68.3878312597076,41.6602697909924
"1304","21/02","Nevada",12.4948145277562,6.65905027820128
"1305","21/02","New Hampshire",76.0409817179119,24.8449277581566
"1306","21/02","New Jersey",87.0925559947299,18.5342048150593
"1307","21/02","New Mexico",13.1221899957966,6.7354491935197
"1308","21/02","New York",83.609212129923,6.96862750670478
"1309","21/02","North Carolina",58.6916,9.43959268612793
"1310","21/02","North Dakota",44.9597701819467,23.9955922448306
"1311","21/02","Ohio",94.5159936005631,18.2638372980064
"1312","21/02","Oklahoma",126.039825270855,32.4538477289943
"1313","21/02","Oregon",26.1583840006119,11.5520443948239
"1314","21/02","Pennsylvania",88.6610809281268,20.7542378994798
"1315","21/02","Rhode Island",93.4479724784073,33.3550267611816
"1316","21/02","South Carolina",99.4267044689922,66.026757443952
"1317","21/02","South Dakota",44.5179254516811,13.2756306550457
"1318","21/02","Tennessee",98.4668443134828,24.0293555962245
"1319","21/02","Texas",69.1707,NA
"1320","21/02","Utah",18.2067503893304,11.499942753252
"1321","21/02","Vermont",77.3139869281046,19.2892926877236
"1322","21/02","Virginia",86.4491519082016,33.593787644414
"1323","21/02","Washington",26.1593845067665,13.2205631231596
"1324","21/02","West Virginia",97.2048544973546,21.7727744839178
"1325","21/02","Wisconsin",75.2579133770462,19.5421449423445
"1326","21/02","Wyoming",37.3735104085163,14.7398109465253
"1327","21/03","Alabama",183.159571594079,29.548745777515
"1328","21/03","Alaska",107.12485821432,36.7212628796837
"1329","21/03","Arizona",88.2455582926698,50.171730631221
"1330","21/03","Arkansas",78.2527218118918,34.8756377835048
"1331","21/03","California",4.83236396873926,3.92453275406163
"1332","21/03","Colorado",37.0277,17.0889324236478
"1333","21/03","Connecticut",197.9520761273,52.9262108007136
"1334","21/03","Delaware",129.849766081871,23.8664778155903
"1335","21/03","District of Columbia",165.24,56.8486974345059
"1336","21/03","Florida",211.539999006831,22.1417163261876
"1337","21/03","Georgia",163.254437499189,20.6850210229096
"1338","21/03","Hawaii",111.621379630884,5.31339303457649
"1339","21/03","Idaho",24.4923304128501,10.7764128120598
"1340","21/03","Illinois",84.7880001628969,27.6707003234596
"1341","21/03","Indiana",109.579471893365,25.0407192496385
"1342","21/03","Iowa",88.4415029680314,37.8623707450693
"1343","21/03","Kansas",74.5185577183247,1.92962115927065
"1344","21/03","Kentucky",131.834171461592,18.8028445314953
"1345","21/03","Louisiana",169.124354190049,2.84508605301786
"1346","21/03","Maine",141.604695725969,62.0580777555313
"1347","21/03","Maryland",134.946065370688,30.2998112232745
"1348","21/03","Massachusetts",192.167907307806,59.9720234510411
"1349","21/03","Michigan",103.133952873897,2.59606179017685
"1350","21/03","Minnesota",83.2126899552188,37.329294545694
"1351","21/03","Mississippi",182.811781462923,47.2970387603796
"1352","21/03","Missouri",87.5005599773541,31.4283118015457
"1353","21/03","Montana",26.9281438097248,22.3121213097171
"1354","21/03","Nebraska",62.7298765841438,21.5752476842532
"1355","21/03","Nevada",11.5979279279279,8.61708850522464
"1356","21/03","New Hampshire",174.638749132165,108.253424030211
"1357","21/03","New Jersey",184.942136901632,5.74396997413343
"1358","21/03","New Mexico",51.2603180358721,23.201285712794
"1359","21/03","New York",157.761950451689,42.7009189959733
"1360","21/03","North Carolina",137.113663126834,44.4450410356454
"1361","21/03","North Dakota",46.2587836917086,21.3126382946154
"1362","21/03","Ohio",118.346313939867,30.3531717012832
"1363","21/03","Oklahoma",56.8782161338913,32.673276750456
"1364","21/03","Oregon",25.1218578947161,39.0553715870825
"1365","21/03","Pennsylvania",168.54251042843,26.0764068057403
"1366","21/03","Rhode Island",165.255115668331,21.3819800154544
"1367","21/03","South Carolina",143.716788427222,27.6677156149109
"1368","21/03","South Dakota",65.5855507145114,11.5119878019894
"1369","21/03","Tennessee",155.65277395372,31.8110666346558
"1370","21/03","Texas",93.01925,48.2653411168408
"1371","21/03","Utah",47.2752967686877,23.7289685145637
"1372","21/03","Vermont",130.507771593486,64.5888501906335
"1373","21/03","Virginia",132.337329478384,29.6752028299002
"1374","21/03","Washington",33.9069945503975,45.3134526864228
"1375","21/03","West Virginia",115.150347147406,24.5616292116619
"1376","21/03","Wisconsin",95.5423404959783,45.9302960987231
"1377","21/03","Wyoming",29.5062431447788,8.19925291737104
"1378","21/04","Alabama",96.3962975672997,52.7021470770095
"1379","21/04","Alaska",110.642777180697,35.5802525731518
"1380","21/04","Arizona",22.6034236051655,26.3909009514872
"1381","21/04","Arkansas",93.2665969570225,35.2507280195506
"1382","21/04","California",121.069705143785,85.4444680534657
"1383","21/04","Colorado",8.98200000000003,NA
"1384","21/04","Connecticut",83.5652304645912,55.0455641280087
"1385","21/04","Delaware",52.1192105263157,47.3845101455243
"1386","21/04","District of Columbia",56.8033333333333,52.5401183224147
"1387","21/04","Florida",78.0410522658919,26.5265844254251
"1388","21/04","Georgia",88.7662682308584,46.7236704669829
"1389","21/04","Hawaii",176.944762047727,153.359952380995
"1390","21/04","Idaho",85.6234495132762,24.1869508531411
"1391","21/04","Illinois",83.9867294519349,75.5493909258141
"1392","21/04","Indiana",100.917929204478,66.4928815616488
"1393","21/04","Iowa",61.1451471091611,63.2840572270383
"1394","21/04","Kansas",38.3435456902789,51.2278908272556
"1395","21/04","Kentucky",92.3867547835146,34.798636522544
"1396","21/04","Louisiana",59.5961932938856,22.1165915814035
"1397","21/04","Maine",99.6808254560627,20.4663072466089
"1398","21/04","Maryland",50.9320238095238,41.529464333486
"1399","21/04","Massachusetts",102.635087736121,65.6358998902497
"1400","21/04","Michigan",75.6824915004198,34.1626659157815
"1401","21/04","Minnesota",50.5017483717936,20.6110725602332
"1402","21/04","Mississippi",71.8215054610109,33.6483309745185
"1403","21/04","Missouri",77.3201182197439,66.5107701377724
"1404","21/04","Montana",42.5438928261064,10.0538992789765
"1405","21/04","Nebraska",25.1795097001064,29.9437611186928
"1406","21/04","Nevada",55.905986553141,41.4000338458288
"1407","21/04","New Hampshire",97.6537732283041,29.6023662821345
"1408","21/04","New Jersey",67.4368604277248,61.3896985510288
"1409","21/04","New Mexico",9.84845965470894,6.19841933937784
"1410","21/04","New York",98.6510143391014,58.9635171450296
"1411","21/04","North Carolina",57.3022557965263,34.1144986728838
"1412","21/04","North Dakota",43.5109898689556,42.3122106300518
"1413","21/04","Ohio",86.139529957437,39.4796978138237
"1414","21/04","Oklahoma",46.0099191797424,50.4897552725083
"1415","21/04","Oregon",170.753273937915,65.2184780574549
"1416","21/04","Pennsylvania",68.8682286757872,36.2466198155191
"1417","21/04","Rhode Island",81.2189295272079,53.008941553059
"1418","21/04","South Carolina",68.9046108399857,35.2954537869211
"1419","21/04","South Dakota",38.9695871484554,46.7338987915908
"1420","21/04","Tennessee",98.7609048101743,49.6113508706517
"1421","21/04","Texas",52.2183,NA
"1422","21/04","Utah",66.4010311844442,45.7316906312301
"1423","21/04","Vermont",95.7892780830282,23.7251724694755
"1424","21/04","Virginia",47.776473801459,36.0531324106983
"1425","21/04","Washington",190.890783365954,59.189298384091
"1426","21/04","West Virginia",62.7766652692937,26.3642512186567
"1427","21/04","Wisconsin",46.0812012917932,19.1735223494724
"1428","21/04","Wyoming",38.1199677597981,19.6501977770909
