"","quarter","state","temp_mean","temp_sd"
"1","15/01","Alabama",8.28785802469134,5.03276568588104
"2","15/01","Alaska",-8.46507115664382,2.46101000775078
"3","15/01","Arizona",9.61480942068651,2.8226078340178
"4","15/01","Arkansas",4.96680745267194,4.10830282253399
"5","15/01","California",11.9545905505894,2.08333030944996
"6","15/01","Colorado",-0.00683468495434658,3.01712772964374
"7","15/01","Connecticut",-4.73903985507246,4.20746650451526
"8","15/01","Delaware",0.205166666666667,3.69626880561105
"9","15/01","District of Columbia",0.47,3.58939061680392
"10","15/01","Florida",17.6955610952833,3.48982095887475
"11","15/01","Georgia",9.25704911144961,4.7450952050902
"12","15/01","Hawaii",19.9838784067086,0.523574845934998
"13","15/01","Idaho",1.49792888280894,3.37579523930952
"14","15/01","Illinois",-2.99485786975416,5.47808939993704
"15","15/01","Indiana",-2.73418697244784,5.0766117969353
"16","15/01","Iowa",-4.35471816153215,6.47899797073549
"17","15/01","Kansas",2.12449472096531,4.91552222632602
"18","15/01","Kentucky",1.16259689922481,5.20803254852857
"19","15/01","Louisiana",10.8496356837607,4.25437812022461
"20","15/01","Maine",-9.8472773812099,4.55725689012792
"21","15/01","Maryland",-0.333054435483871,3.88775495744984
"22","15/01","Massachusetts",-5.13328410008071,3.99419761616706
"23","15/01","Michigan",-7.97155618198641,5.63162003541043
"24","15/01","Minnesota",-8.57869073222635,7.04627644687293
"25","15/01","Mississippi",8.51412612475218,4.8282454459943
"26","15/01","Missouri",0.76688929136762,5.39151219172322
"27","15/01","Montana",-0.48388254992698,3.84319356207162
"28","15/01","Nebraska",-0.200312241521917,5.24207680340671
"29","15/01","Nevada",5.23307446411733,2.51961754353921
"30","15/01","New Hampshire",-8.80466073781291,4.42279284958676
"31","15/01","New Jersey",-2.18221764011079,3.89911470796388
"32","15/01","New Mexico",4.29302443588158,3.24895632492127
"33","15/01","New York",-7.47529405630866,4.47726527603919
"34","15/01","North Carolina",5.25084821100302,4.59150548205061
"35","15/01","North Dakota",-7.28248624620297,6.96602685190437
"36","15/01","Ohio",-3.58738255721176,5.22923458937748
"37","15/01","Oklahoma",5.70043102335786,4.36451560108108
"38","15/01","Oregon",5.97731646287335,1.79172548764199
"39","15/01","Pennsylvania",-4.51543174355088,4.26891425019641
"40","15/01","Rhode Island",-3.80407407407408,3.84965932969821
"41","15/01","South Carolina",7.85534332451758,4.60716109675675
"42","15/01","South Dakota",-2.63983385408917,5.61714191390239
"43","15/01","Tennessee",3.47983873566582,5.15058496404036
"44","15/01","Texas",9.80669820933972,3.40784494741173
"45","15/01","Utah",2.20444902667172,2.89576260070117
"46","15/01","Vermont",-10.8457723310355,4.8156654864032
"47","15/01","Virginia",1.91218183733671,4.26000360257035
"48","15/01","Washington",4.89757374120773,2.24625311449201
"49","15/01","West Virginia",-1.33944959493094,4.86210747692101
"50","15/01","Wisconsin",-7.46535032868366,6.40256501644329
"51","15/01","Wyoming",-1.47580414506966,3.33867027887792
"52","15/02","Alabama",22.2549893666204,3.72519620866974
"53","15/02","Alaska",7.4214806796197,6.15889156901081
"54","15/02","Arizona",17.8510466229677,5.81009255125757
"55","15/02","Arkansas",20.9833559896893,4.48046622434753
"56","15/02","California",14.2353204143642,1.40125281059764
"57","15/02","Colorado",10.3201052435809,6.03634361115112
"58","15/02","Connecticut",14.7111111111111,5.5307221166458
"59","15/02","Delaware",18.5666666666667,5.4364535391497
"60","15/02","District of Columbia",19.7116666666667,5.65077944476099
"61","15/02","Florida",25.9432826735467,1.62576983435164
"62","15/02","Georgia",22.4615479917902,3.52336761379804
"63","15/02","Hawaii",21.9977765180146,0.818876838151401
"64","15/02","Idaho",11.6213963022304,6.19960375230491
"65","15/02","Illinois",17.156199721631,4.91552656487459
"66","15/02","Indiana",17.2286129032258,5.12673453608326
"67","15/02","Iowa",15.6919079847233,5.19659780192969
"68","15/02","Kansas",18.1885874859498,5.61614191657072
"69","15/02","Kentucky",19.1353532311062,4.69071232586724
"70","15/02","Louisiana",23.9704425837321,3.10709037989407
"71","15/02","Maine",10.887759221171,5.98255627074441
"72","15/02","Maryland",18.1488279857397,5.40197731084108
"73","15/02","Massachusetts",13.8027820083436,5.41611598458675
"74","15/02","Michigan",12.2626923179119,5.53758944770434
"75","15/02","Minnesota",12.524238663535,5.60164807178054
"76","15/02","Mississippi",22.7642684129235,3.45912325879462
"77","15/02","Missouri",18.595323355278,4.72419892169238
"78","15/02","Montana",10.7877194182304,6.13755238225375
"79","15/02","Nebraska",15.0045402933938,5.63220580413319
"80","15/02","Nevada",13.242760030749,6.41613988454324
"81","15/02","New Hampshire",12.1942811839324,6.06750662387874
"82","15/02","New Jersey",16.8777777777777,5.51408701293013
"83","15/02","New Mexico",14.7669200279046,5.38044855702085
"84","15/02","New York",13.6897077678092,5.93069654925288
"85","15/02","North Carolina",20.1918888178683,4.76163498248109
"86","15/02","North Dakota",12.285685635424,5.89177267935517
"87","15/02","Ohio",16.7416117075625,5.38846431900672
"88","15/02","Oklahoma",20.3086560953213,4.97632914071215
"89","15/02","Oregon",12.3498975383905,5.38923219175938
"90","15/02","Pennsylvania",15.6757608684508,5.59796585173783
"91","15/02","Rhode Island",14.0759259259259,5.06355768811864
"92","15/02","South Carolina",22.0875585267901,4.37662794427582
"93","15/02","South Dakota",13.3515412719668,5.74057300501691
"94","15/02","Tennessee",19.875306022409,4.44843765936766
"95","15/02","Texas",22.6420221001221,3.38351722562741
"96","15/02","Utah",11.3988710131313,6.30212156055045
"97","15/02","Vermont",11.7216554206028,6.47718592412025
"98","15/02","Virginia",18.7568032141483,5.12102476625813
"99","15/02","Washington",12.737104561348,5.25672664422517
"100","15/02","West Virginia",16.9622072072072,5.10688351246486
"101","15/02","Wisconsin",13.043206747454,5.28386445761584
"102","15/02","Wyoming",9.39836003012313,6.11146185324083
"103","15/03","Alabama",25.7047190383824,2.05180182155533
"104","15/03","Alaska",10.0366537258862,4.20396429285859
"105","15/03","Arizona",23.9035404353129,1.55438420544954
"106","15/03","Arkansas",25.7072430189637,1.99868995713596
"107","15/03","California",22.5478170042718,1.07856293301968
"108","15/03","Colorado",16.6695589641059,1.3088861040925
"109","15/03","Connecticut",21.6632548309179,1.43334884998569
"110","15/03","Delaware",23.995,1.32183820870786
"111","15/03","District of Columbia",24.5866666666667,1.36405034120202
"112","15/03","Florida",27.9738504285797,0.620191523855108
"113","15/03","Georgia",25.4870104201681,2.18125563061904
"114","15/03","Hawaii",24.4626688251619,0.296950892014251
"115","15/03","Idaho",17.0400613555332,2.66043541535954
"116","15/03","Illinois",22.1296707183486,1.00930959863268
"117","15/03","Indiana",21.7256700907788,1.09929904954831
"118","15/03","Iowa",21.1552086054941,1.08720382992281
"119","15/03","Kansas",24.4629057890766,1.47562221389594
"120","15/03","Kentucky",22.9991591427269,1.7151356440582
"121","15/03","Louisiana",27.78694894287,1.65919928152528
"122","15/03","Maine",18.7773737373737,1.47585140898044
"123","15/03","Maryland",23.005733808675,1.37549649519561
"124","15/03","Massachusetts",21.0621424533635,1.67564854985755
"125","15/03","Michigan",19.1704395373145,0.854100741195325
"126","15/03","Minnesota",19.191301486904,1.59618574226608
"127","15/03","Mississippi",26.5992828823791,1.88653516679138
"128","15/03","Missouri",23.4516652298851,1.66979106648516
"129","15/03","Montana",16.5673862785717,2.69184362153657
"130","15/03","Nebraska",21.7193524108816,1.34298853619464
"131","15/03","Nevada",19.6366765580727,1.7849559859819
"132","15/03","New Hampshire",19.2842514430014,1.43532571900916
"133","15/03","New Jersey",22.9814287518038,1.45147189571085
"134","15/03","New Mexico",20.8010762990642,1.2644666721876
"135","15/03","New York",20.0023584961818,0.922290215287146
"136","15/03","North Carolina",24.0065023259361,1.90572562983316
"137","15/03","North Dakota",19.4584769290627,2.28050344735984
"138","15/03","Ohio",21.2507808501939,0.86143930059041
"139","15/03","Oklahoma",26.4055272131148,1.39601618003636
"140","15/03","Oregon",17.5946022324143,2.85274913870175
"141","15/03","Pennsylvania",20.7365964052288,1.12893056470425
"142","15/03","Rhode Island",21.5569907407407,1.49659995529302
"143","15/03","South Carolina",25.6841482393288,2.21388070161977
"144","15/03","South Dakota",20.5748699475202,1.63112927510057
"145","15/03","Tennessee",23.4516146870162,1.97347816540961
"146","15/03","Texas",27.8543192712243,1.29630701104741
"147","15/03","Utah",17.7955051054975,1.43795785074833
"148","15/03","Vermont",18.756412505623,1.38927861835903
"149","15/03","Virginia",22.8185534441865,1.65978870660138
"150","15/03","Washington",17.0688761889643,3.56421803358909
"151","15/03","West Virginia",21.0049582952816,1.39637733058003
"152","15/03","Wisconsin",19.4774874945843,0.971099315555439
"153","15/03","Wyoming",15.8043405483405,1.47836504747912
"154","15/04","Alabama",15.5750040541469,2.39773813631374
"155","15/04","Alaska",-5.73449746492471,6.32110725001576
"156","15/04","Arizona",9.5902481516162,6.37244967347941
"157","15/04","Arkansas",13.1103637606211,4.01976834848892
"158","15/04","California",11.2646869934964,6.34114944611554
"159","15/04","Colorado",1.56532040140203,7.1744804853891
"160","15/04","Connecticut",8.50510210803689,2.20358049045604
"161","15/04","Delaware",11.7675,1.72849103266404
"162","15/04","District of Columbia",11.8216666666667,1.97421081278908
"163","15/04","Florida",23.2751352720616,1.24401526854533
"164","15/04","Georgia",15.7535401409507,1.83076124008611
"165","15/04","Hawaii",22.4515425531915,1.07794902620717
"166","15/04","Idaho",1.57537379834148,7.75841032180059
"167","15/04","Illinois",8.5561672278339,4.27230617100414
"168","15/04","Indiana",9.08500019693569,3.78347002031988
"169","15/04","Iowa",5.93336000720914,5.6080269445861
"170","15/04","Kansas",8.75538732013417,5.94562160785161
"171","15/04","Kentucky",11.4407810457516,2.70103096996047
"172","15/04","Louisiana",17.6934118721461,3.13158253796414
"173","15/04","Maine",3.62029567307692,3.33628128714991
"174","15/04","Maryland",10.747705421147,2.07145632329253
"175","15/04","Massachusetts",7.85303596379322,2.25265782402715
"176","15/04","Michigan",5.67608406692069,3.62895911111086
"177","15/04","Minnesota",2.76537994519931,6.19012994846796
"178","15/04","Mississippi",15.9412269598046,2.97396983017113
"179","15/04","Missouri",9.66568862751723,4.37159912668938
"180","15/04","Montana",0.895704743876933,6.91810760399899
"181","15/04","Nebraska",5.22257595749132,6.89064874604854
"182","15/04","Nevada",3.99707466193604,7.3416628154534
"183","15/04","New Hampshire",4.88970049330514,2.82311410277763
"184","15/04","New Jersey",10.1572430184195,1.90648282201142
"185","15/04","New Mexico",6.43403090779498,6.01650064048779
"186","15/04","New York",6.94320145280158,2.25841210194296
"187","15/04","North Carolina",13.4683275832327,1.8548439895323
"188","15/04","North Dakota",1.17697471589713,7.38941185188448
"189","15/04","Ohio",9.1244704467354,3.05708589066932
"190","15/04","Oklahoma",11.6655278311041,5.31618661236612
"191","15/04","Oregon",5.56662784907671,6.00692935531369
"192","15/04","Pennsylvania",8.22674688426094,2.36126080422671
"193","15/04","Rhode Island",9.01444444444444,2.02868533723957
"194","15/04","South Carolina",15.071030940373,1.68123140858239
"195","15/04","South Dakota",3.0946395882994,7.41980961767713
"196","15/04","Tennessee",12.5165646759242,2.45852383152446
"197","15/04","Texas",15.6005662854424,4.89403925909762
"198","15/04","Utah",2.05943275022426,7.52205361574618
"199","15/04","Vermont",4.11455848561111,2.57687192880618
"200","15/04","Virginia",11.4601023107812,2.00432234346704
"201","15/04","Washington",4.6983691535941,5.74109349648362
"202","15/04","West Virginia",9.53900636696893,2.24952420385891
"203","15/04","Wisconsin",4.93563349913269,4.62402628181548
"204","15/04","Wyoming",-0.0386289759433467,7.64115114158831
"205","16/01","Alabama",10.1131347466137,4.69614435239476
"206","16/01","Alaska",-5.68210281141749,1.2259219890975
"207","16/01","Arizona",8.46004293523106,3.42777653739833
"208","16/01","Arkansas",8.167228019236,4.50871085328874
"209","16/01","California",10.0295374634308,2.25600449619249
"210","16/01","Colorado",-1.41110625659165,3.14331758604889
"211","16/01","Connecticut",1.63305,3.97527779312339
"212","16/01","Delaware",4.86083333333333,4.65100489440484
"213","16/01","District of Columbia",4.73333333333333,5.16331853882107
"214","16/01","Florida",17.550950336402,3.22833835256814
"215","16/01","Georgia",10.3313281208968,4.60814095471194
"216","16/01","Hawaii",20.4185441352973,0.134446645034226
"217","16/01","Idaho",-0.342145722251828,3.10181581730704
"218","16/01","Illinois",1.65607351290684,5.72617562162199
"219","16/01","Indiana",2.18715193759023,5.53728770419432
"220","16/01","Iowa",-1.21649436640328,6.34540311206599
"221","16/01","Kansas",4.52034983612213,4.99751615359414
"222","16/01","Kentucky",4.73613884107861,5.57681527602943
"223","16/01","Louisiana",13.166938885533,4.22841384122216
"224","16/01","Maine",-3.69733333333333,2.83350154228616
"225","16/01","Maryland",3.87449494949495,4.99271192754906
"226","16/01","Massachusetts",1.00241228070175,3.46215740315127
"227","16/01","Michigan",-2.26098675614023,3.81949548076572
"228","16/01","Minnesota",-5.21929330104922,6.40604510221887
"229","16/01","Mississippi",10.781234015984,4.61875785129137
"230","16/01","Missouri",4.18154014893961,5.48258165135036
"231","16/01","Montana",-0.317572441405941,3.3405218324372
"232","16/01","Nebraska",1.44394471501826,4.97042726206496
"233","16/01","Nevada",2.48982174632733,3.37173171946709
"234","16/01","New Hampshire",-2.0322198731501,3.59335745472456
"235","16/01","New Jersey",3.06589585369827,4.4448068249016
"236","16/01","New Mexico",4.14708476696903,3.78936978453164
"237","16/01","New York",-0.676881297446513,4.0097780020098
"238","16/01","North Carolina",7.45739004578348,5.07283195974512
"239","16/01","North Dakota",-3.73245045734407,5.94901169398646
"240","16/01","Ohio",1.94827252112966,5.40155419971838
"241","16/01","Oklahoma",8.19099910394266,4.51433781906917
"242","16/01","Oregon",4.00781164583053,2.07228186412787
"243","16/01","Pennsylvania",0.907760296364622,5.04833282765625
"244","16/01","Rhode Island",2.03782407407407,3.43591758283863
"245","16/01","South Carolina",9.74322693967681,4.94532175646418
"246","16/01","South Dakota",-0.890439534087015,5.29751558766448
"247","16/01","Tennessee",6.13549516908213,5.29780341513655
"248","16/01","Texas",12.26352223737,4.06108186370474
"249","16/01","Utah",-0.205645445349352,3.63524225094267
"250","16/01","Vermont",-3.62664532954007,3.74740711799337
"251","16/01","Virginia",5.04130504808494,5.30720674507457
"252","16/01","Washington",3.50239095737889,2.22246935629442
"253","16/01","West Virginia",2.25329561246774,5.8462337582827
"254","16/01","Wisconsin",-3.39505193784013,5.67026255788617
"255","16/01","Wyoming",-2.23105301461823,3.01234133074293
"256","16/02","Alabama",21.616586898815,4.42711725177466
"257","16/02","Alaska",7.87405552217382,4.73266805479364
"258","16/02","Arizona",18.3340386796116,6.14169387780043
"259","16/02","Arkansas",20.7658007484562,4.79344298401941
"260","16/02","California",15.0450939236318,1.55908042751623
"261","16/02","Colorado",10.4287675980313,6.44174794341082
"262","16/02","Connecticut",14.3539333333333,5.74892797774797
"263","16/02","Delaware",16.9844444444444,5.18217848424702
"264","16/02","District of Columbia",18.0566666666667,5.64172255019097
"265","16/02","Florida",25.1243269435335,2.70671631799357
"266","16/02","Georgia",21.5656783493885,4.46867890999993
"267","16/02","Hawaii",22.3239564359077,0.559411553943852
"268","16/02","Idaho",11.6042511775219,4.04551471617879
"269","16/02","Illinois",17.0372205475557,6.17310109029673
"270","16/02","Indiana",16.6189812734082,5.87724394718837
"271","16/02","Iowa",16.075241228498,6.45611238866782
"272","16/02","Kansas",18.4705228105228,6.24809029654011
"273","16/02","Kentucky",18.3925466736989,4.99289669931014
"274","16/02","Louisiana",23.4946277856804,3.58984058557694
"275","16/02","Maine",10.8349495192308,6.35086491397618
"276","16/02","Maryland",16.4748387096774,5.37230622671012
"277","16/02","Massachusetts",13.3781940385739,5.8752579232816
"278","16/02","Michigan",11.9593591773658,6.64509603825856
"279","16/02","Minnesota",12.6956466162043,6.46409877595467
"280","16/02","Mississippi",22.2704471152269,4.32422074430616
"281","16/02","Missouri",18.6342651832649,5.71859347198202
"282","16/02","Montana",11.0026489715669,4.64769571083972
"283","16/02","Nebraska",15.7838687109239,6.7425207329068
"284","16/02","Nevada",13.3822584541063,5.49098576568222
"285","16/02","New Hampshire",11.8572031007752,6.3672936964523
"286","16/02","New Jersey",15.7003505644682,5.56774066680046
"287","16/02","New Mexico",15.3112919826681,5.93075780610004
"288","16/02","New York",12.6315421766094,6.36345539318498
"289","16/02","North Carolina",19.1188476756959,4.66235688855169
"290","16/02","North Dakota",12.7242590228124,6.78961175885723
"291","16/02","Ohio",15.801971413808,6.00712539092514
"292","16/02","Oklahoma",20.492331278958,5.20080504180458
"293","16/02","Oregon",12.3960360659153,2.63543028462435
"294","16/02","Pennsylvania",14.3763595583161,5.70857597763525
"295","16/02","Rhode Island",13.8574074074074,5.72591351634897
"296","16/02","South Carolina",21.373554435194,4.74054514899627
"297","16/02","South Dakota",14.253651806822,6.8061213807484
"298","16/02","Tennessee",19.3372569929768,4.77325713854275
"299","16/02","Texas",22.6118148845698,3.7667403417215
"300","16/02","Utah",11.7395495638634,6.23209943664163
"301","16/02","Vermont",11.0734294871795,6.87705042539154
"302","16/02","Virginia",17.3401311378134,4.83680403166519
"303","16/02","Washington",12.5692964366556,2.15025702093125
"304","16/02","West Virginia",15.8600444279896,4.84598237318203
"305","16/02","Wisconsin",13.0303953255012,6.4810030320889
"306","16/02","Wyoming",9.73774374426349,5.97419624900234
"307","16/03","Alabama",27.0378986986987,1.04505269019336
"308","16/03","Alaska",11.5892855159181,3.78155943322691
"309","16/03","Arizona",23.2030854833253,2.74014584712122
"310","16/03","Arkansas",26.20096325909,1.82370213568301
"311","16/03","California",22.2271501933109,1.92869881347141
"312","16/03","Colorado",16.2235947126603,2.52673571944119
"313","16/03","Connecticut",22.1113257575758,2.44397546394272
"314","16/03","Delaware",24.8308333333333,2.27507737963642
"315","16/03","District of Columbia",25.8816666666667,2.07595961746209
"316","16/03","Florida",28.4481388923598,0.693017860053733
"317","16/03","Georgia",26.8023914164373,1.51907362124871
"318","16/03","Hawaii",24.1210992402659,0.170111608741904
"319","16/03","Idaho",16.3685138097105,3.24202105333669
"320","16/03","Illinois",23.294171471661,1.59921874687076
"321","16/03","Indiana",23.1499540229885,1.69576310160446
"322","16/03","Iowa",21.6924004282886,1.73053411440501
"323","16/03","Kansas",24.3223793202765,2.48988269789526
"324","16/03","Kentucky",24.5830721668512,1.80524559116468
"325","16/03","Louisiana",28.0242298397509,0.978138769544866
"326","16/03","Maine",18.6536011904762,2.43534459636414
"327","16/03","Maryland",24.2190804597701,2.13254245884406
"328","16/03","Massachusetts",21.3028461520058,2.54505840661252
"329","16/03","Michigan",20.141807982802,2.25052640516868
"330","16/03","Minnesota",19.1059832486857,2.5545391454058
"331","16/03","Mississippi",27.4627771771772,1.05511623177777
"332","16/03","Missouri",24.2088650564768,1.90551941877157
"333","16/03","Montana",15.69339438693,3.25700971067944
"334","16/03","Nebraska",21.4122749259326,2.67961804977339
"335","16/03","Nevada",19.4071280602637,3.35250560718745
"336","16/03","New Hampshire",19.3442280458283,2.53919344952665
"337","16/03","New Jersey",23.5525417780749,2.34676910649371
"338","16/03","New Mexico",20.6380878552972,3.03497535103397
"339","16/03","New York",20.7970838785464,2.49913803650336
"340","16/03","North Carolina",25.3579905662308,1.67675425954087
"341","16/03","North Dakota",18.6430045011253,3.23641292801131
"342","16/03","Ohio",23.0764294289078,2.05772408266271
"343","16/03","Oklahoma",26.5586789827616,2.31185043887943
"344","16/03","Oregon",16.7474187512392,2.57067667554966
"345","16/03","Pennsylvania",22.0008239122987,2.25881067818935
"346","16/03","Rhode Island",21.9382222222222,2.39046291296717
"347","16/03","South Carolina",27.0247043742166,1.82537815931418
"348","16/03","South Dakota",20.3232637988988,3.07275911444547
"349","16/03","Tennessee",25.1792983789261,1.68665657550115
"350","16/03","Texas",27.7544662574254,1.97416688776548
"351","16/03","Utah",17.6200819626803,3.35551642793816
"352","16/03","Vermont",18.5879346846847,2.45049162110292
"353","16/03","Virginia",24.3762484848485,1.70643542262748
"354","16/03","Washington",16.0263870178048,2.59887433543546
"355","16/03","West Virginia",22.7124774774775,1.62697769933608
"356","16/03","Wisconsin",20.189799970707,2.2337735203573
"357","16/03","Wyoming",15.5025318173679,3.01284170370662
"358","16/04","Alabama",14.786576362317,5.29386152936413
"359","16/04","Alaska",-6.91966821525647,6.23090679245151
"360","16/04","Arizona",11.5411362870106,5.67015480932581
"361","16/04","Arkansas",12.6521708333333,7.0021753731467
"362","16/04","California",11.3948501821719,4.30805313325318
"363","16/04","Colorado",2.806252157607,7.04919499907248
"364","16/04","Connecticut",6.36790555555556,5.82683869407411
"365","16/04","Delaware",9.42416666666667,5.90147245044263
"366","16/04","District of Columbia",9.93666666666667,5.98707009590946
"367","16/04","Florida",21.6360271284271,2.46852030651559
"368","16/04","Georgia",14.6574847084092,4.73880161186067
"369","16/04","Hawaii",22.1505161891451,1.35268864416276
"370","16/04","Idaho",1.32887721755369,7.64606376367122
"371","16/04","Illinois",7.17616257999846,8.90208994824009
"372","16/04","Indiana",7.50709629098759,8.34776516168181
"373","16/04","Iowa",5.08382793858285,9.23525687265947
"374","16/04","Kansas",8.32128067542066,8.92044012994209
"375","16/04","Kentucky",10.0078625910063,7.21702031081884
"376","16/04","Louisiana",17.1124558324558,4.84698758754528
"377","16/04","Maine",2.34787946428571,7.20553326497028
"378","16/04","Maryland",8.89213620071685,5.91434266625899
"379","16/04","Massachusetts",5.85572693032014,5.73596365671529
"380","16/04","Michigan",4.47187726961822,7.29931188581147
"381","16/04","Minnesota",1.58627835435278,9.4792929933837
"382","16/04","Mississippi",15.0241025927336,5.5646370657118
"383","16/04","Missouri",8.99247713117088,8.49351278414407
"384","16/04","Montana",0.251044257113564,8.48221556556314
"385","16/04","Nebraska",5.03614683316249,8.91256606583056
"386","16/04","Nevada",4.77714524798145,6.13644521979217
"387","16/04","New Hampshire",3.01068557919622,6.47806668260667
"388","16/04","New Jersey",7.91595643939394,5.66560092381133
"389","16/04","New Mexico",7.93184574426436,5.95936626668454
"390","16/04","New York",5.0096253281635,6.21787712109903
"391","16/04","North Carolina",11.5663942422012,5.33871040755496
"392","16/04","North Dakota",-0.0357967032967004,10.5847480860556
"393","16/04","Ohio",7.16207604875285,7.45618320062078
"394","16/04","Oklahoma",11.9969239344262,7.96585164712751
"395","16/04","Oregon",4.72391701296496,5.56472857803592
"396","16/04","Pennsylvania",6.18590600247076,6.26414401705849
"397","16/04","Rhode Island",6.97396296296296,5.66149878111439
"398","16/04","South Carolina",13.5103522763956,5.00195522376044
"399","16/04","South Dakota",2.4947744413165,10.2116123575893
"400","16/04","Tennessee",11.3140415863347,6.5622187058746
"401","16/04","Texas",16.2331544436237,5.85065562217915
"402","16/04","Utah",3.29262555874841,6.7613062343117
"403","16/04","Vermont",2.30539098815415,6.6804443897461
"404","16/04","Virginia",9.62302789102441,5.77199319719544
"405","16/04","Washington",3.94397129950266,5.88722975190147
"406","16/04","West Virginia",7.65387207207207,6.13221002367842
"407","16/04","Wisconsin",3.53717521645023,8.76834047785713
"408","16/04","Wyoming",0.103461925546256,8.25795271330677
"409","17/01","Alabama",12.7414233398106,1.56948704180814
"410","17/01","Alaska",-12.5873554285502,1.33695642436575
"411","17/01","Arizona",8.52329004686944,3.79155856787797
"412","17/01","Arkansas",10.2552538653865,3.01980322812219
"413","17/01","California",8.77989349408009,2.85890357262352
"414","17/01","Colorado",0.0734980620155022,4.54961329411116
"415","17/01","Connecticut",0.889733333333333,0.3846940256013
"416","17/01","Delaware",5.31916666666667,1.60514082975088
"417","17/01","District of Columbia",6.12,1.35400332348189
"418","17/01","Florida",19.0337524268345,0.922778225333451
"419","17/01","Georgia",12.6236605237326,1.31184130657593
"420","17/01","Hawaii",20.7039900395327,0.62892224183746
"421","17/01","Idaho",-1.83453744955139,5.51976249359103
"422","17/01","Illinois",3.05695980535035,3.28616773629592
"423","17/01","Indiana",3.87988129899216,2.55374306410884
"424","17/01","Iowa",-0.100433204348627,3.82386555862335
"425","17/01","Kansas",5.11458093493808,4.40134452615913
"426","17/01","Kentucky",7.03641908811718,2.04781203872725
"427","17/01","Louisiana",15.9954793491543,2.19244537868705
"428","17/01","Maine",-4.82783105820912,0.342035830051606
"429","17/01","Maryland",5.11966666666667,1.59457019635735
"430","17/01","Massachusetts",0.21923754789272,0.459894490373074
"431","17/01","Michigan",-1.86477606951872,1.47802823724894
"432","17/01","Minnesota",-5.31929285835887,3.69380049661538
"433","17/01","Mississippi",13.5736225537001,2.00084043739011
"434","17/01","Missouri",5.72027511225241,3.77295748569774
"435","17/01","Montana",-3.34525302102558,5.52386851800318
"436","17/01","Nebraska",1.12055487451094,4.85010896237372
"437","17/01","Nevada",2.13189748215698,4.44753986318002
"438","17/01","New Hampshire",-3.33578286961266,0.303454299817334
"439","17/01","New Jersey",3.21700553926361,1.07464376867033
"440","17/01","New Mexico",5.7563236788658,3.84621744332378
"441","17/01","New York",-0.801537799723187,0.804462880616869
"442","17/01","North Carolina",9.05960323657376,1.50769944439596
"443","17/01","North Dakota",-6.96772353282099,4.51268385291543
"444","17/01","Ohio",3.40274460289166,1.81315152337659
"445","17/01","Oklahoma",9.37547364387578,4.22683991902459
"446","17/01","Oregon",1.81883229337046,3.58035522550392
"447","17/01","Pennsylvania",1.77173429225705,1.28187013851383
"448","17/01","Rhode Island",1.36266666666667,0.325211213418808
"449","17/01","South Carolina",11.743783967037,1.27085988768429
"450","17/01","South Dakota",-2.547195205174,5.16172506008518
"451","17/01","Tennessee",8.67478978900212,1.74142734289133
"452","17/01","Texas",14.5379030333379,3.41458651870096
"453","17/01","Utah",0.477529324075164,4.93155592466564
"454","17/01","Vermont",-4.37250487329435,0.465787405359275
"455","17/01","Virginia",6.59103507382638,1.81330544544106
"456","17/01","Washington",0.249165017988545,3.3780459249488
"457","17/01","West Virginia",4.32865658221823,1.40495783415657
"458","17/01","Wisconsin",-2.89275891136801,3.00320621108191
"459","17/01","Wyoming",-3.00165659032671,5.84424144883905
"460","17/02","Alabama",21.6074386677443,2.54147818512127
"461","17/02","Alaska",6.51184997889061,5.44367359895026
"462","17/02","Arizona",18.7252028860882,5.67098762963854
"463","17/02","Arkansas",20.4952877024128,3.34146056434617
"464","17/02","California",14.680846509583,2.93349150998697
"465","17/02","Colorado",10.3263053160914,5.82681907578935
"466","17/02","Connecticut",14.8050666666667,4.3565348676825
"467","17/02","Delaware",18.3191666666667,4.13551865953151
"468","17/02","District of Columbia",19.5316666666667,3.97232404686895
"469","17/02","Florida",25.2107936348113,2.13417496814346
"470","17/02","Georgia",21.7004012993503,2.54878172179019
"471","17/02","Hawaii",22.5508534439417,1.04076171937622
"472","17/02","Idaho",9.97866483133571,5.21352747719609
"473","17/02","Illinois",17.18055085967,4.79492689523139
"474","17/02","Indiana",17.2750341155724,4.12312550399521
"475","17/02","Iowa",15.7292892667129,5.69464354146788
"476","17/02","Kansas",17.9803401822607,5.50475553721452
"477","17/02","Kentucky",19.0173631766745,2.94607506433528
"478","17/02","Louisiana",23.0280692133781,2.66088576873566
"479","17/02","Maine",11.3610016116441,5.23823567703544
"480","17/02","Maryland",17.9936666666667,3.82878997230214
"481","17/02","Massachusetts",13.8897188129099,4.54585252121757
"482","17/02","Michigan",12.7761357673928,5.08013755990744
"483","17/02","Minnesota",12.3838265632516,5.74075326916424
"484","17/02","Mississippi",21.9949509803922,2.66781539424996
"485","17/02","Missouri",18.3813497359783,4.36073677502259
"486","17/02","Montana",10.1616608329074,5.00785697682332
"487","17/02","Nebraska",15.2001861887055,5.96793248561134
"488","17/02","Nevada",12.7461375661376,5.82956633314145
"489","17/02","New Hampshire",12.248179548549,4.88682567491974
"490","17/02","New Jersey",16.565618872549,4.18397560202592
"491","17/02","New Mexico",15.6375076151918,5.51187599211138
"492","17/02","New York",13.6920402150414,4.30697681885404
"493","17/02","North Carolina",20.0784336813861,2.73362764871908
"494","17/02","North Dakota",12.3841281636591,6.19390737945005
"495","17/02","Ohio",16.7765416541654,3.87080269269219
"496","17/02","Oklahoma",20.2892612276315,4.64854511667554
"497","17/02","Oregon",10.923879619768,4.45163320539498
"498","17/02","Pennsylvania",15.491778883361,3.90970458782924
"499","17/02","Rhode Island",14.6503333333333,4.32063934312196
"500","17/02","South Carolina",21.7134380371933,2.78587495439923
"501","17/02","South Dakota",13.5487465106585,6.09495204988833
"502","17/02","Tennessee",19.6124497920064,2.75990321901051
"503","17/02","Texas",23.0036839425888,3.4508693225855
"504","17/02","Utah",11.3609345476992,6.21578330530918
"505","17/02","Vermont",11.9108771929825,4.69512006735786
"506","17/02","Virginia",18.485589569161,3.07820175095109
"507","17/02","Washington",10.8379538981515,4.15219604853912
"508","17/02","West Virginia",16.6476199791341,3.0088941716985
"509","17/02","Wisconsin",13.2083764415748,5.41006546193219
"510","17/02","Wyoming",8.88046542857575,5.35877606795674
"511","17/03","Alabama",25.2942386741931,2.13045215330479
"512","17/03","Alaska",11.0775098669258,3.55780819148816
"513","17/03","Arizona",23.5465827453767,2.28041159414324
"514","17/03","Arkansas",24.9388238993711,2.03999975576696
"515","17/03","California",23.0000982647736,2.37852831796906
"516","17/03","Colorado",16.2946531371005,2.75481201403203
"517","17/03","Connecticut",20.7392803030303,1.49398771118237
"518","17/03","Delaware",23.3275,2.19388496735813
"519","17/03","District of Columbia",24.105,2.91439530606265
"520","17/03","Florida",28.1452522200933,0.686358619866946
"521","17/03","Georgia",25.2409853203921,1.99234678490337
"522","17/03","Hawaii",24.1189854103344,0.380906198355401
"523","17/03","Idaho",17.9252937239894,4.17418519039151
"524","17/03","Illinois",21.8878941672363,2.03946287276942
"525","17/03","Indiana",21.5194541759091,1.92496550621279
"526","17/03","Iowa",21.0995813397129,2.41035832924812
"527","17/03","Kansas",23.6568997956638,2.71285633867866
"528","17/03","Kentucky",22.714119054455,2.43502767562538
"529","17/03","Louisiana",26.9053430999493,1.52543512713169
"530","17/03","Maine",18.066859292328,1.15578608286249
"531","17/03","Maryland",22.4851111111111,2.50186646622373
"532","17/03","Massachusetts",20.0514867081098,1.38707052434633
"533","17/03","Michigan",18.6163086112605,1.5491219652383
"534","17/03","Minnesota",18.3228831496626,2.18913411120532
"535","17/03","Mississippi",25.9604388960023,1.9129968865215
"536","17/03","Missouri",23.208568627451,2.4783170237365
"537","17/03","Montana",17.1529033706128,4.44288946502231
"538","17/03","Nebraska",21.4063302679056,3.31200785214337
"539","17/03","Nevada",20.005878702646,4.28849444085551
"540","17/03","New Hampshire",18.5059082728592,1.238414649271
"541","17/03","New Jersey",22.0818835412953,1.95929657919651
"542","17/03","New Mexico",20.4228622337093,2.25326110784993
"543","17/03","New York",19.3305546362035,1.6428481924776
"544","17/03","North Carolina",23.7303159252095,2.28477294315566
"545","17/03","North Dakota",18.6731579301911,3.85269549696038
"546","17/03","Ohio",20.9452032536375,1.99970323398844
"547","17/03","Oklahoma",25.4078370402986,2.58626597120796
"548","17/03","Oregon",18.5320914382596,2.70121401376304
"549","17/03","Pennsylvania",20.2289248035915,2.18465661613124
"550","17/03","Rhode Island",20.6682592592593,1.3842352005837
"551","17/03","South Carolina",25.4022068080469,2.02609248046536
"552","17/03","South Dakota",20.1164684042852,3.87344459763363
"553","17/03","Tennessee",23.1688291339035,2.51733119559845
"554","17/03","Texas",26.9497418001846,1.90004742178571
"555","17/03","Utah",17.9682628263857,3.88827924074253
"556","17/03","Vermont",17.8296396396396,1.2045591603898
"557","17/03","Virginia",22.6149894525535,2.52502183025517
"558","17/03","Washington",17.7857259034441,2.42862780754399
"559","17/03","West Virginia",20.5035035877365,2.15807056588338
"560","17/03","Wisconsin",18.915097172723,1.78220729388005
"561","17/03","Wyoming",15.6586254071708,4.0247865543436
"562","17/04","Alabama",13.2088074580654,5.33122750738903
"563","17/04","Alaska",-5.04450298726844,4.74021342966864
"564","17/04","Arizona",12.8047767939591,4.89171877856374
"565","17/04","Arkansas",11.5479451089905,5.84491394025372
"566","17/04","California",12.670842700807,3.80790403136059
"567","17/04","Colorado",3.09896403412955,4.4439056486004
"568","17/04","Connecticut",6.15208419599725,8.4324850015147
"569","17/04","Delaware",9.38666666666667,7.67242193400059
"570","17/04","District of Columbia",9.50333333333333,7.0850993876821
"571","17/04","Florida",21.197238666324,3.3761401036955
"572","17/04","Georgia",13.7066854933141,5.05732173580076
"573","17/04","Hawaii",21.1894944444444,1.66591208254194
"574","17/04","Idaho",0.996626942935486,4.68164069929679
"575","17/04","Illinois",5.82664122137404,8.01697276182562
"576","17/04","Indiana",6.24399319703831,7.84036865046208
"577","17/04","Iowa",3.3015101273442,8.09121464328136
"578","17/04","Kansas",7.40641638089704,6.74430920520834
"579","17/04","Kentucky",8.572645931936,6.60515827912082
"580","17/04","Louisiana",15.9760492356561,5.177712910393
"581","17/04","Maine",1.77497354497354,9.73713232109856
"582","17/04","Maryland",8.32774873316031,7.20641762911163
"583","17/04","Massachusetts",5.72444825535493,8.44029797495366
"584","17/04","Michigan",2.40727564320527,8.72080756435374
"585","17/04","Minnesota",-1.31678875497636,9.43077763340669
"586","17/04","Mississippi",13.7660147066864,5.53705020748024
"587","17/04","Missouri",7.8653154684096,6.96361178855474
"588","17/04","Montana",-0.343173806516323,5.52952752502188
"589","17/04","Nebraska",3.95657391113003,6.80613491576907
"590","17/04","Nevada",5.28806288077899,4.05238411411363
"591","17/04","New Hampshire",2.54070588235294,9.5289492349915
"592","17/04","New Jersey",7.64210492016943,7.6369930355571
"593","17/04","New Mexico",8.21466857046461,4.84433795443242
"594","17/04","New York",4.30440694096038,8.66782275923532
"595","17/04","North Carolina",10.9395252333583,5.67810800890604
"596","17/04","North Dakota",-1.62892577459993,8.25689898102254
"597","17/04","Ohio",5.9669446429179,7.8449154550312
"598","17/04","Oklahoma",10.898669230404,6.10344906244264
"599","17/04","Oregon",4.83572596771439,3.68977514828746
"600","17/04","Pennsylvania",5.47256013191042,7.85301430139155
"601","17/04","Rhode Island",6.75333333333333,8.1803718945616
"602","17/04","South Carolina",12.9837605421687,5.14728174594689
"603","17/04","South Dakota",1.61482767594784,7.16851394720209
"604","17/04","Tennessee",9.85992852816473,5.9365627814428
"605","17/04","Texas",14.8233628532175,5.3279480301373
"606","17/04","Utah",3.65398451002022,4.21176769500501
"607","17/04","Vermont",1.60295504385965,9.76075134725657
"608","17/04","Virginia",8.96004110032362,6.5387837298126
"609","17/04","Washington",3.57767020784398,4.10136833021879
"610","17/04","West Virginia",6.80282929055815,6.96871497699618
"611","17/04","Wisconsin",1.30618965304357,9.05992910784853
"612","17/04","Wyoming",-0.10950287923178,4.746017043253
"613","18/01","Alabama",10.3289955215453,5.22891243010684
"614","18/01","Alaska",-9.45457858874316,3.09404231522219
"615","18/01","Arizona",8.32477131150898,1.49123212246772
"616","18/01","Arkansas",6.88122484204037,5.04123980614065
"617","18/01","California",9.06578300347078,0.745017400446873
"618","18/01","Colorado",-1.11488047237674,2.38652854698991
"619","18/01","Connecticut",0.248242424242423,3.44751330472065
"620","18/01","Delaware",3.83,2.94432976715886
"621","18/01","District of Columbia",4.175,2.47763496100616
"622","18/01","Florida",18.1239451536757,3.52616672756125
"623","18/01","Georgia",10.2626565996281,4.66449193622114
"624","18/01","Hawaii",19.9237952898551,0.185173819278912
"625","18/01","Idaho",-1.11711249085935,2.02079491523319
"626","18/01","Illinois",-0.78663607609405,4.13455756670125
"627","18/01","Indiana",0.17706432748538,3.922728435434
"628","18/01","Iowa",-4.34397509188478,5.08942818874671
"629","18/01","Kansas",1.80585061323839,4.77417799761009
"630","18/01","Kentucky",4.0291902481923,4.52254786627836
"631","18/01","Louisiana",13.2433027927589,5.46769506029885
"632","18/01","Maine",-4.62586021505376,3.83142635271626
"633","18/01","Maryland",2.59484983314794,3.08218059481966
"634","18/01","Massachusetts",-0.112418475947213,3.02543934430853
"635","18/01","Michigan",-4.37248214907698,2.59310014478569
"636","18/01","Minnesota",-9.10983967061559,5.70246334513163
"637","18/01","Mississippi",10.6155600148644,5.37668378612447
"638","18/01","Missouri",1.77795555555556,4.42433834641962
"639","18/01","Montana",-5.18692598890829,4.31906955105171
"640","18/01","Nebraska",-2.52557542496904,5.17821721891171
"641","18/01","Nevada",1.87725308609597,1.77575872232375
"642","18/01","New Hampshire",-3.51958612778445,3.36389477601347
"643","18/01","New Jersey",1.64715389784946,3.13537287531697
"644","18/01","New Mexico",4.49742914216795,2.59759228348756
"645","18/01","New York",-2.32765350353933,3.18620724838598
"646","18/01","North Carolina",6.80876309046347,4.47930363196925
"647","18/01","North Dakota",-10.1209957068022,5.49973614464081
"648","18/01","Ohio",0.210232673267327,3.59398940923778
"649","18/01","Oklahoma",6.42012676256945,4.63593848135142
"650","18/01","Oregon",2.98851019694393,1.35183857144503
"651","18/01","Pennsylvania",-0.742627949067168,3.32248606812395
"652","18/01","Rhode Island",1.24966666666667,3.19560171694367
"653","18/01","South Carolina",9.42113369467028,4.67851748949898
"654","18/01","South Dakota",-6.44574524621884,5.16652326131223
"655","18/01","Tennessee",5.9274611876133,4.90247655466963
"656","18/01","Texas",11.4870827666282,4.98038984007352
"657","18/01","Utah",-0.0309116601383754,1.92925638203216
"658","18/01","Vermont",-4.7937037037037,3.60785761911335
"659","18/01","Virginia",4.04180708455461,3.76762079417172
"660","18/01","Washington",2.01860917861466,1.70132569329808
"661","18/01","West Virginia",1.51649256651017,4.18103684526164
"662","18/01","Wisconsin",-5.81175454623582,4.33010055154691
"663","18/01","Wyoming",-4.18533670295559,3.47686250891275
"664","18/02","Alabama",21.5804577928607,5.80073774958253
"665","18/02","Alaska",5.36537355735645,5.95686908436622
"666","18/02","Arizona",19.5149655590879,4.29091455983147
"667","18/02","Arkansas",21.0325723860129,7.45284006742506
"668","18/02","California",14.6432870400628,2.1488880805517
"669","18/02","Colorado",11.6924221363647,6.03262306542419
"670","18/02","Connecticut",14.0860245310245,6.76541208351817
"671","18/02","Delaware",17.6316666666667,6.16416323058802
"672","18/02","District of Columbia",19.3983333333333,6.74268925083555
"673","18/02","Florida",24.949990404829,2.77084867331665
"674","18/02","Georgia",21.3228851882185,5.57673896847003
"675","18/02","Hawaii",21.8488374961456,0.779550707280155
"676","18/02","Idaho",10.7289284430224,4.43199535151967
"677","18/02","Illinois",17.0609185750636,9.14678491882063
"678","18/02","Indiana",17.1441509149217,8.64135898466066
"679","18/02","Iowa",15.470363752024,10.1252738655057
"680","18/02","Kansas",18.7126575663378,9.04882669311429
"681","18/02","Kentucky",18.9810714285714,7.51457479055736
"682","18/02","Louisiana",23.5880152979066,5.69787634449462
"683","18/02","Maine",10.6470821406887,6.49252999000175
"684","18/02","Maryland",17.5022660098522,6.42015522141394
"685","18/02","Massachusetts",13.3709195402299,6.43393300986464
"686","18/02","Michigan",11.8510203697155,8.87034006576752
"687","18/02","Minnesota",12.0224701753622,10.210926336147
"688","18/02","Mississippi",22.2720986524282,6.26851741676852
"689","18/02","Missouri",18.8109576178533,8.91135889854704
"690","18/02","Montana",9.90796041488581,5.75828331521916
"691","18/02","Nebraska",15.1653475467801,8.97437222639652
"692","18/02","Nevada",13.1608444722919,4.76916478958564
"693","18/02","New Hampshire",11.6097608376684,7.00643967720462
"694","18/02","New Jersey",15.9805376344086,6.58872070385097
"695","18/02","New Mexico",17.227039180213,5.22467516668644
"696","18/02","New York",12.8148811978925,7.60093011256707
"697","18/02","North Carolina",19.9184646395147,6.02198207811957
"698","18/02","North Dakota",12.0997106661723,10.1163610380209
"699","18/02","Ohio",16.4460015628023,8.11486868865514
"700","18/02","Oklahoma",21.1267485638323,7.74370039484452
"701","18/02","Oregon",11.5182413367738,3.71961687791458
"702","18/02","Pennsylvania",14.8056647093365,7.16183512846284
"703","18/02","Rhode Island",14.1363333333333,6.30455742565117
"704","18/02","South Carolina",21.4859576400841,5.82273149296717
"705","18/02","South Dakota",13.1801818181818,9.39743369369236
"706","18/02","Tennessee",19.4018229578568,6.99920788274391
"707","18/02","Texas",23.7573616099838,5.86363764429087
"708","18/02","Utah",12.2503242244504,5.31005228008291
"709","18/02","Vermont",11.027918767507,7.32260347486113
"710","18/02","Virginia",18.3930128205128,6.33362671831295
"711","18/02","Washington",11.5239572979387,3.85505514831291
"712","18/02","West Virginia",16.5724424202218,7.14690520724751
"713","18/02","Wisconsin",12.531232222154,9.74933157269562
"714","18/02","Wyoming",9.49761629067913,5.55346732720548
"715","18/03","Alabama",26.5676957070707,0.317893397238144
"716","18/03","Alaska",11.1934416578359,3.08138991691806
"717","18/03","Arizona",24.2510533056441,1.68704505684337
"718","18/03","Arkansas",25.7717600571582,1.96291149608716
"719","18/03","California",22.9088367552589,2.25003797011109
"720","18/03","Colorado",17.2765141735139,2.16092782158258
"721","18/03","Connecticut",22.1395783926219,2.54435579646269
"722","18/03","Delaware",24.5141666666667,1.61122882711716
"723","18/03","District of Columbia",25.5816666666667,1.64798614476376
"724","18/03","Florida",28.265269649328,0.0454230137293943
"725","18/03","Georgia",26.1358484848485,0.218240642322694
"726","18/03","Hawaii",23.6886968130922,0.283040029317132
"727","18/03","Idaho",17.3105785620915,3.51445153195727
"728","18/03","Illinois",22.7874894707929,1.61041725020932
"729","18/03","Indiana",22.7353989361702,1.37773043618586
"730","18/03","Iowa",21.3575364419985,2.21004369858568
"731","18/03","Kansas",23.9332358730631,2.48136846807584
"732","18/03","Kentucky",24.141160617499,1.03061343409431
"733","18/03","Louisiana",27.9303515301903,0.966136716926717
"734","18/03","Maine",19.0340948351842,3.1390280833986
"735","18/03","Maryland",24.0498938149973,1.29184912251255
"736","18/03","Massachusetts",21.6090496715928,2.67929868294041
"737","18/03","Michigan",19.7595061409457,2.41589801899203
"738","18/03","Minnesota",18.7464719426184,3.02027396174176
"739","18/03","Mississippi",26.9649861660079,0.776792107860896
"740","18/03","Missouri",24.1088636602544,2.05609210901491
"741","18/03","Montana",15.7848833235364,3.83595928116763
"742","18/03","Nebraska",21.2367701928587,2.20162649630349
"743","18/03","Nevada",20.6020042831086,3.33144718747917
"744","18/03","New Hampshire",19.7994126444904,2.73303374746497
"745","18/03","New Jersey",23.5661426767677,2.0779765380986
"746","18/03","New Mexico",21.0183008366326,2.32870519942637
"747","18/03","New York",20.9506426801792,2.22467297680966
"748","18/03","North Carolina",24.7269889042251,0.352380150925109
"749","18/03","North Dakota",17.877017918778,4.34164046645231
"750","18/03","Ohio",22.5510532538273,1.37492929239491
"751","18/03","Oklahoma",26.0591088470787,2.61617111541314
"752","18/03","Oregon",17.5178855534709,3.09018839263211
"753","18/03","Pennsylvania",21.659521578712,1.67309396888594
"754","18/03","Rhode Island",22.2597407407407,2.56987500376563
"755","18/03","South Carolina",26.3021188630491,0.201647645672932
"756","18/03","South Dakota",19.7883839490933,3.07111936809615
"757","18/03","Tennessee",24.623869047619,0.822934094197827
"758","18/03","Texas",27.5155057170587,2.34943299362709
"759","18/03","Utah",19.2305146846341,2.56625218405017
"760","18/03","Vermont",19.5617857142857,2.70197673198791
"761","18/03","Virginia",23.7664324720428,0.726316609716687
"762","18/03","Washington",16.8802999695731,3.30469150267076
"763","18/03","West Virginia",22.2082692526286,0.73133794120287
"764","18/03","Wisconsin",19.7399144098608,2.52510525493489
"765","18/03","Wyoming",15.9263709199577,2.80974810984426
"766","18/04","Alabama",13.0141637587979,5.77226543682173
"767","18/04","Alaska",-4.39524347878487,6.30622004129571
"768","18/04","Arizona",9.24886648940457,4.40612260857093
"769","18/04","Arkansas",10.175886576853,5.76822693473195
"770","18/04","California",11.8488699364624,4.36195162525942
"771","18/04","Colorado",0.2214172340876,5.26836814852997
"772","18/04","Connecticut",5.52079365079364,5.24849077396386
"773","18/04","Delaware",9.07416666666667,5.51546481117714
"774","18/04","District of Columbia",9.15,5.53086114452352
"775","18/04","Florida",21.5419639749685,3.8928407391741
"776","18/04","Georgia",13.1779463777503,5.43357209664917
"777","18/04","Hawaii",21.9381257760328,1.23111661917624
"778","18/04","Idaho",0.793754922726036,5.49883697570902
"779","18/04","Illinois",4.86573227466976,6.18691572241922
"780","18/04","Indiana",5.79026204618857,6.06067913353357
"781","18/04","Iowa",1.8561305973117,6.17541384429603
"782","18/04","Kansas",5.49898912391877,5.78792017498232
"783","18/04","Kentucky",8.40649610788833,5.69942364449388
"784","18/04","Louisiana",15.4121175595238,5.63283079412568
"785","18/04","Maine",0.0686202185792322,5.94681955982744
"786","18/04","Maryland",8.25648028673836,5.74896267534968
"787","18/04","Massachusetts",4.86876994746753,5.03846882569882
"788","18/04","Michigan",1.85905006426002,5.14422536819046
"789","18/04","Minnesota",-2.00939267974829,6.12459329825767
"790","18/04","Mississippi",13.3326154401154,5.80842044957003
"791","18/04","Missouri",6.29868134018097,6.25226905703686
"792","18/04","Montana",0.0523193908443688,4.6811195069499
"793","18/04","Nebraska",2.39495685634328,5.50749589420703
"794","18/04","Nevada",3.65226118760757,4.91831581735514
"795","18/04","New Hampshire",1.26797919167667,5.76129156331053
"796","18/04","New Jersey",7.44353535353536,5.37379437294144
"797","18/04","New Mexico",5.44153674902797,5.24691221018455
"798","18/04","New York",3.62343791880634,5.47815577203244
"799","18/04","North Carolina",10.8777220689578,5.23771577374634
"800","18/04","North Dakota",-2.32489175440291,5.52823759786356
"801","18/04","Ohio",5.65040115015078,5.86323166238523
"802","18/04","Oklahoma",9.09154964498949,5.73874622708796
"803","18/04","Oregon",5.25271240584791,4.24705235709323
"804","18/04","Pennsylvania",5.30665716224879,5.63851210378328
"805","18/04","Rhode Island",6.07066666666667,4.95292896510068
"806","18/04","South Carolina",12.693698862261,5.49422464932342
"807","18/04","South Dakota",0.383188781847057,5.21138402583661
"808","18/04","Tennessee",9.48919091727696,5.62155774578892
"809","18/04","Texas",13.1470092599798,5.03771664908879
"810","18/04","Utah",1.16334953031625,5.14877236911652
"811","18/04","Vermont",0.347304544039839,6.14547062179905
"812","18/04","Virginia",8.8415713416002,5.67823939324802
"813","18/04","Washington",4.59142566497678,3.96380700081551
"814","18/04","West Virginia",6.43257393158431,5.54447175260614
"815","18/04","Wisconsin",0.71259832545676,5.69489138233388
"816","18/04","Wyoming",-1.57366343142148,5.47535090344259
"817","19/01","Alabama",10.9539178837343,2.89055273483042
"818","19/01","Alaska",-7.34465297202094,5.3748459360378
"819","19/01","Arizona",6.19478147045855,3.03933363742453
"820","19/01","Arkansas",6.88209411724678,2.40090771802782
"821","19/01","California",7.52976326632114,2.19759675865764
"822","19/01","Colorado",-3.17698042910687,2.61427886449229
"823","19/01","Connecticut",-0.610214285714285,2.07166842385311
"824","19/01","Delaware",3.4325,2.36283860007407
"825","19/01","District of Columbia",4.05333333333333,2.04964834382226
"826","19/01","Florida",18.9542987572158,2.56430059652955
"827","19/01","Georgia",10.878973063973,2.51039766910841
"828","19/01","Hawaii",19.2710783807063,0.509256891281271
"829","19/01","Idaho",-2.72274452369732,2.61627065494387
"830","19/01","Illinois",-1.38975685609273,3.44072258296704
"831","19/01","Indiana",-0.0821093571265159,2.85053723750232
"832","19/01","Iowa",-5.89002248653766,4.61749781255792
"833","19/01","Kansas",0.199297052154196,3.26409929039855
"834","19/01","Kentucky",4.32024096385542,2.48160023866058
"835","19/01","Louisiana",13.0014978139605,2.60851565197576
"836","19/01","Maine",-6.6580664845173,2.89889546955161
"837","19/01","Maryland",3.0026362625139,2.26105281148143
"838","19/01","Massachusetts",-1.2353475225664,2.07002996066276
"839","19/01","Michigan",-5.87258968197268,2.87209141373201
"840","19/01","Minnesota",-11.1682015253474,5.27818633289804
"841","19/01","Mississippi",10.9554422128259,2.78451960643406
"842","19/01","Missouri",1.18518559800047,3.02727181238005
"843","19/01","Montana",-6.8004038441051,5.59629190337922
"844","19/01","Nebraska",-3.93175120581565,4.04965189035352
"845","19/01","Nevada",0.3880893946155,2.66638258518754
"846","19/01","New Hampshire",-5.29718954248366,2.60321459612916
"847","19/01","New Jersey",1.53473342293907,2.18147098770055
"848","19/01","New Mexico",3.17431468227465,3.05206791772135
"849","19/01","New York",-3.15019273838683,2.60695369738347
"850","19/01","North Carolina",7.651962439453,2.17443651947514
"851","19/01","North Dakota",-12.6415837592796,6.53084489188295
"852","19/01","Ohio",0.0205852446284157,2.61061922528201
"853","19/01","Oklahoma",5.3587691677764,2.63788216909761
"854","19/01","Oregon",1.62900455152456,2.42724115143854
"855","19/01","Pennsylvania",-0.713934437984497,2.37419847696258
"856","19/01","Rhode Island",0.23037037037037,2.04753599083016
"857","19/01","South Carolina",10.1753262433014,2.22672439617279
"858","19/01","South Dakota",-8.43747776849532,5.22773106872542
"859","19/01","Tennessee",6.53461018796197,2.43425152704589
"860","19/01","Texas",10.8750493251041,2.31513197631182
"861","19/01","Utah",-2.12302080404023,3.11064961975543
"862","19/01","Vermont",-6.83718300653595,3.24972446531613
"863","19/01","Virginia",4.7854455231931,2.14992436921014
"864","19/01","Washington",0.53170096940258,3.29263825028115
"865","19/01","West Virginia",2.23942320590208,2.27786931076099
"866","19/01","Wisconsin",-7.52494548710277,3.92610528095496
"867","19/01","Wyoming",-5.970183943446,2.73993603037456
"868","19/02","Alabama",22.0149831649832,4.09027705846336
"869","19/02","Alaska",7.21266662268952,6.49724706252262
"870","19/02","Arizona",16.7733126481208,4.67044276560298
"871","19/02","Arkansas",20.3944375081723,4.21740926518715
"872","19/02","California",13.9128121604308,0.0391083640064181
"873","19/02","Colorado",9.08451484989545,4.36189808200659
"874","19/02","Connecticut",14.3844841269841,4.8354544435788
"875","19/02","Delaware",18.8858333333333,4.09561070944656
"876","19/02","District of Columbia",20.175,4.31583421831747
"877","19/02","Florida",25.7322731125517,2.78346456648703
"878","19/02","Georgia",22.1345185810006,3.97122696792992
"879","19/02","Hawaii",22.2943956647217,1.05657041530222
"880","19/02","Idaho",9.93970151394422,3.97556296791359
"881","19/02","Illinois",16.242780358756,5.24127695504409
"882","19/02","Indiana",16.5041788422096,4.99328519008748
"883","19/02","Iowa",14.6646638596066,5.74873515395282
"884","19/02","Kansas",17.2164462846251,4.94867526659912
"885","19/02","Kentucky",18.9493455874781,4.11494019604331
"886","19/02","Louisiana",23.4382262471355,4.2442999258531
"887","19/02","Maine",10.1360291902071,5.71726492693209
"888","19/02","Maryland",18.6558836206897,4.27848256247463
"889","19/02","Massachusetts",13.3711553672316,4.9037545505462
"890","19/02","Michigan",11.1146568181562,5.57746499448783
"891","19/02","Minnesota",11.1487647811726,6.37640736012943
"892","19/02","Mississippi",22.3216507936508,4.2514194362563
"893","19/02","Missouri",17.9645950704225,4.43042692049144
"894","19/02","Montana",9.1671620250847,4.57615898285876
"895","19/02","Nebraska",13.9716226945502,5.48878011106885
"896","19/02","Nevada",11.5655026933732,4.19208040787123
"897","19/02","New Hampshire",11.25125,5.43567333222415
"898","19/02","New Jersey",16.9162032085562,4.50228558142131
"899","19/02","New Mexico",14.5941686942417,4.39109562865454
"900","19/02","New York",12.8454955817139,5.05385803222403
"901","19/02","North Carolina",20.3263586747004,3.87212880843469
"902","19/02","North Dakota",11.107834612594,6.27868367386839
"903","19/02","Ohio",16.3001880629408,4.77445444819492
"904","19/02","Oklahoma",19.8127037773848,4.22699384555373
"905","19/02","Oregon",11.3538073262266,3.45700627872016
"906","19/02","Pennsylvania",15.4160076720986,4.39000960480455
"907","19/02","Rhode Island",14.3063333333333,4.75997156854254
"908","19/02","South Carolina",22.030983935743,3.97744650309138
"909","19/02","South Dakota",11.8895632217655,6.19611877442696
"910","19/02","Tennessee",19.6856065296414,4.0890865026347
"911","19/02","Texas",22.3923531215161,3.77780686812158
"912","19/02","Utah",9.89905639424721,4.23912127300143
"913","19/02","Vermont",10.9963725490196,5.51447558211933
"914","19/02","Virginia",19.0667085953878,3.91093626059283
"915","19/02","Washington",11.6193807768256,3.6472618711116
"916","19/02","West Virginia",16.8336014152548,3.91389236586159
"917","19/02","Wisconsin",11.733010562629,5.84114576230695
"918","19/02","Wyoming",7.67193601609759,4.42713637379619
"919","19/03","Alabama",26.8426046994885,0.119249454562758
"920","19/03","Alaska",12.0456336192627,3.69926785844985
"921","19/03","Arizona",24.2355375168344,2.40186364182784
"922","19/03","Arkansas",26.4277795154958,0.390668900832376
"923","19/03","California",21.9024461257548,2.06354629523755
"924","19/03","Colorado",17.5110801580018,1.88654422125154
"925","19/03","Connecticut",21.150303030303,3.20011900389946
"926","19/03","Delaware",24.4145,2.27718977030901
"927","19/03","District of Columbia",25.64,1.89503957742312
"928","19/03","Florida",28.3482664886528,0.266180359496731
"929","19/03","Georgia",26.5216114815121,0.50909097063549
"930","19/03","Hawaii",24.3145375457876,0.275914909893147
"931","19/03","Idaho",16.6756697256298,3.4437666567016
"932","19/03","Illinois",23.1396325,1.78998661321286
"933","19/03","Indiana",23.0000251010858,1.58511673370606
"934","19/03","Iowa",21.8169022381128,2.04699443726929
"935","19/03","Kansas",24.9657840221359,0.935416244721853
"936","19/03","Kentucky",24.568,0.685285535835247
"937","19/03","Louisiana",28.2544957264957,0.529105367221832
"938","19/03","Maine",17.904862653419,3.62288021482979
"939","19/03","Maryland",24.0138745519713,2.02848285210234
"940","19/03","Massachusetts",20.5080837269612,3.25233934724578
"941","19/03","Michigan",19.1710823201116,2.34296080719017
"942","19/03","Minnesota",18.5887551602709,2.82224996185609
"943","19/03","Mississippi",27.3608234519104,0.145273802268479
"944","19/03","Missouri",24.4865812290038,0.807126991195594
"945","19/03","Montana",15.8326385090509,3.07665471001393
"946","19/03","Nebraska",22.1481396142686,1.66357394745483
"947","19/03","Nevada",19.0847934313989,3.6541497754727
"948","19/03","New Hampshire",18.5529215686275,3.54514336650053
"949","19/03","New Jersey",23.1732107843137,2.58079812493052
"950","19/03","New Mexico",21.7857141922416,1.98561166626727
"951","19/03","New York",19.7065820348184,2.88312841544198
"952","19/03","North Carolina",24.7461877429916,1.03020201807898
"953","19/03","North Dakota",18.1501971493966,3.14359768259424
"954","19/03","Ohio",22.6886829527911,1.76032838658719
"955","19/03","Oklahoma",27.3149410551135,0.7596984035584
"956","19/03","Oregon",16.7514127552066,2.73481853766472
"957","19/03","Pennsylvania",21.3026527399657,2.2239376446816
"958","19/03","Rhode Island",21.0981481481481,3.13256537738984
"959","19/03","South Carolina",26.3974126544549,0.822279764659402
"960","19/03","South Dakota",19.8111853299738,2.41962249304279
"961","19/03","Tennessee",24.8846938767333,0.332925390052019
"962","19/03","Texas",28.5986565213812,1.16969367232306
"963","19/03","Utah",18.1337070914743,3.05987524133865
"964","19/03","Vermont",18.0580243612596,3.54086193266798
"965","19/03","Virginia",23.8708859623826,1.28067998289086
"966","19/03","Washington",16.2359708954607,2.58060407126794
"967","19/03","West Virginia",22.2007870753936,1.16457769945471
"968","19/03","Wisconsin",19.5931938473064,2.55978484768801
"969","19/03","Wyoming",15.7696154100529,2.86982956055321
"970","19/04","Alabama",13.4799395045819,5.40065062737961
"971","19/04","Alaska",-5.14997198966437,5.90990117616947
"972","19/04","Arizona",9.83897039858452,4.65548972012442
"973","19/04","Arkansas",10.3297356237817,4.80411335415065
"974","19/04","California",11.1634030697734,3.95601954428598
"975","19/04","Colorado",0.342428792111054,3.71426755753477
"976","19/04","Connecticut",5.23562998405103,6.35044696865751
"977","19/04","Delaware",8.69166666666667,6.41164739621053
"978","19/04","District of Columbia",9.315,6.33987578742675
"979","19/04","Florida",21.8138883100021,3.96680685609718
"980","19/04","Georgia",13.9124504473893,5.48022949217256
"981","19/04","Hawaii",22.3164642273853,0.98529363211942
"982","19/04","Idaho",0.15611283633683,2.94079532528738
"983","19/04","Illinois",5.08976507936508,5.72217961953012
"984","19/04","Indiana",6.06166311460889,6.1671626657349
"985","19/04","Iowa",2.32995625546807,5.3587441039312
"986","19/04","Kansas",5.90815075060086,4.25537356953236
"987","19/04","Kentucky",8.81224704371819,5.9063016338794
"988","19/04","Louisiana",15.3970528846154,4.76757291387971
"989","19/04","Maine",1.25400470809793,6.60781016329472
"990","19/04","Maryland",8.45881720430107,6.27161929388769
"991","19/04","Massachusetts",4.82762711864408,6.06845018495069
"992","19/04","Michigan",2.09021156986726,5.79554316580743
"993","19/04","Minnesota",-1.81600873735383,7.14530736332825
"994","19/04","Mississippi",13.4835912698413,5.11345215518417
"995","19/04","Missouri",6.76384950433815,4.71907417974815
"996","19/04","Montana",-0.96613976676652,2.28635380319952
"997","19/04","Nebraska",2.60754085791052,4.0305015037544
"998","19/04","Nevada",3.6216226355677,3.36117791623114
"999","19/04","New Hampshire",1.83067341275085,6.50939439657649
"1000","19/04","New Jersey",7.15636827837196,6.3910262467942
"1001","19/04","New Mexico",5.70188217598323,4.15873675878602
"1002","19/04","New York",3.69982250881359,6.48896312775446
"1003","19/04","North Carolina",11.3340848804291,5.65982316930632
"1004","19/04","North Dakota",-2.90961938229107,6.04591139859359
"1005","19/04","Ohio",6.30829002181682,6.36124944060229
"1006","19/04","Oklahoma",9.40828170908799,4.0729053206972
"1007","19/04","Oregon",4.54940389363723,2.40138629303293
"1008","19/04","Pennsylvania",5.43193720932266,6.28292845541413
"1009","19/04","Rhode Island",6.13703703703702,5.8977125020809
"1010","19/04","South Carolina",13.3007114725304,5.80135894474966
"1011","19/04","South Dakota",-0.0868769063180853,4.56011358208903
"1012","19/04","Tennessee",10.0743303902786,5.47469889882898
"1013","19/04","Texas",13.7177572207759,4.37469331132505
"1014","19/04","Utah",1.21635477946216,3.65289338890469
"1015","19/04","Vermont",0.98980392156863,6.91583776317456
"1016","19/04","Virginia",9.2407445054945,5.8965695318232
"1017","19/04","Washington",3.72069403753529,2.33791073390615
"1018","19/04","West Virginia",7.10137900746597,6.13080104353516
"1019","19/04","Wisconsin",0.820701754385967,6.14463123186546
"1020","19/04","Wyoming",-2.25060974610974,3.02401333159532
"1021","20/01","Alabama",12.1569304786174,4.08737851392844
"1022","20/01","Alaska",-13.8959479659802,5.4243721469409
"1023","20/01","Arizona",7.14040926409316,1.80929034979755
"1024","20/01","Arkansas",8.65689528327834,4.02562544822381
"1025","20/01","California",8.57051979674331,1.02714364171058
"1026","20/01","Colorado",-2.03238581089344,3.71820723777181
"1027","20/01","Connecticut",2.47074242424242,2.50456786425106
"1028","20/01","Delaware",6.22833333333334,2.75922694487665
"1029","20/01","District of Columbia",6.88333333333333,2.99719174116928
"1030","20/01","Florida",19.5964460274237,2.29993333019942
"1031","20/01","Georgia",12.0577363962915,3.6681852080256
"1032","20/01","Hawaii",19.9243094916779,0.362926016221725
"1033","20/01","Idaho",-1.45726306079986,2.74100235698393
"1034","20/01","Illinois",1.6597559607438,4.05297856679007
"1035","20/01","Indiana",2.71736922253776,3.48491257490002
"1036","20/01","Iowa",-1.63614646464646,5.20069468801134
"1037","20/01","Kansas",3.51809503973978,4.35131994867609
"1038","20/01","Kentucky",6.38195001732501,3.68480407782479
"1039","20/01","Louisiana",14.6630961360084,4.35212633525415
"1040","20/01","Maine",-3.82889148646016,3.03403817259374
"1041","20/01","Maryland",6.04517612161661,3.07951391455251
"1042","20/01","Massachusetts",1.69488528138528,2.38812964978833
"1043","20/01","Michigan",-1.93606194332487,3.07044504847041
"1044","20/01","Minnesota",-6.66029855320775,5.23852901229982
"1045","20/01","Mississippi",12.7969754542278,4.36752034054942
"1046","20/01","Missouri",3.84486948209941,4.5249198715112
"1047","20/01","Montana",-2.72426106202266,1.96804100868415
"1048","20/01","Nebraska",0.29721327289277,4.09075674090806
"1049","20/01","Nevada",1.76676240344913,1.38551859712939
"1050","20/01","New Hampshire",-2.04053429705216,2.99381127636009
"1051","20/01","New Jersey",4.50105466428996,2.65790234394101
"1052","20/01","New Mexico",3.88798728233476,3.32455418307909
"1053","20/01","New York",0.151498708010337,3.07669475638402
"1054","20/01","North Carolina",9.38546131618474,3.08601898602071
"1055","20/01","North Dakota",-6.62023384677952,4.74304047111403
"1056","20/01","Ohio",2.85021937588948,3.45979937331354
"1057","20/01","Oklahoma",7.95333398461514,4.22896319330111
"1058","20/01","Oregon",2.96019562235896,0.782020719405629
"1059","20/01","Pennsylvania",2.48312648009473,3.14562989250985
"1060","20/01","Rhode Island",3.28259259259259,2.29363863529119
"1061","20/01","South Carolina",11.4902891566265,3.15865544754833
"1062","20/01","South Dakota",-2.97144276131505,4.51172400435511
"1063","20/01","Tennessee",8.00481264454347,3.71098426134626
"1064","20/01","Texas",12.6068873644538,4.22472312008295
"1065","20/01","Utah",-0.88829205884321,3.06805441875711
"1066","20/01","Vermont",-3.21402240896358,3.31730062328936
"1067","20/01","Virginia",7.16930284696789,3.19327571578275
"1068","20/01","Washington",2.12986472471751,1.01148708785536
"1069","20/01","West Virginia",4.51048941798942,3.28091365721088
"1070","20/01","Wisconsin",-3.42469449485783,4.42715560790178
"1071","20/01","Wyoming",-4.18674613779408,3.53734167448727
"1072","20/02","Alabama",20.4704890461634,4.22211717891161
"1073","20/02","Alaska",6.45321652003911,6.1292491285349
"1074","20/02","Arizona",18.8685396651322,4.97089249425809
"1075","20/02","Arkansas",19.4763541666666,4.98198788188092
"1076","20/02","California",14.9069294945133,2.54591261947489
"1077","20/02","Colorado",10.9077795277582,5.6669877100115
"1078","20/02","Connecticut",13.6676052631579,6.61809567092807
"1079","20/02","Delaware",16.3302222222222,6.1087583875152
"1080","20/02","District of Columbia",17.4466666666667,6.05422235578884
"1081","20/02","Florida",25.2904002543673,2.03382826983624
"1082","20/02","Georgia",20.4012535945363,3.99534757305048
"1083","20/02","Hawaii",21.6187345202345,0.993404078929576
"1084","20/02","Idaho",9.65187550900356,4.11139937356436
"1085","20/02","Illinois",16.0323476272573,6.78729839883206
"1086","20/02","Indiana",15.7852206119163,6.55302430710576
"1087","20/02","Iowa",15.0702329358381,7.41235052704009
"1088","20/02","Kansas",17.734272437045,7.11374380788244
"1089","20/02","Kentucky",17.1135282051282,5.52136072455672
"1090","20/02","Louisiana",23.0421120407444,3.71010621571711
"1091","20/02","Maine",10.9674745762712,6.83649373516294
"1092","20/02","Maryland",16.2927096774194,5.89891649049401
"1093","20/02","Massachusetts",13.024737236901,6.76876838849594
"1094","20/02","Michigan",11.5186449612403,7.14563720411831
"1095","20/02","Minnesota",11.972762568247,7.85529636097298
"1096","20/02","Mississippi",21.5514631736238,4.1851396672872
"1097","20/02","Missouri",17.3280455635492,6.33122745446963
"1098","20/02","Montana",8.94569757274234,5.37792510159006
"1099","20/02","Nebraska",15.0120224810981,7.7188666282092
"1100","20/02","Nevada",12.4954893029675,4.34006902256157
"1101","20/02","New Hampshire",11.7212300339192,6.85683373019356
"1102","20/02","New Jersey",15.2320944741533,6.37996377044666
"1103","20/02","New Mexico",16.1951314294669,4.94974305763066
"1104","20/02","New York",12.4921119678932,6.71578579748547
"1105","20/02","North Carolina",17.925832395734,4.48073489502682
"1106","20/02","North Dakota",11.3710503624364,8.23389290351911
"1107","20/02","Ohio",14.9957084664674,6.4457190466097
"1108","20/02","Oklahoma",20.0273659553937,5.86193300753276
"1109","20/02","Oregon",11.1202101452809,3.05074378140204
"1110","20/02","Pennsylvania",13.7851821111335,6.2298575296735
"1111","20/02","Rhode Island",13.6551851851852,6.63765142658946
"1112","20/02","South Carolina",20.1002320897994,3.94870385963966
"1113","20/02","South Dakota",12.8725062656642,7.83245737826629
"1114","20/02","Tennessee",17.723031618266,5.0868327081066
"1115","20/02","Texas",22.933337418153,4.29290273748876
"1116","20/02","Utah",11.2491292280549,4.81116889284
"1117","20/02","Vermont",11.2214362373737,6.7899408828149
"1118","20/02","Virginia",16.6442394557823,5.14167673871927
"1119","20/02","Washington",10.8084864522732,3.11479564279653
"1120","20/02","West Virginia",14.5277274947275,5.53811789947316
"1121","20/02","Wisconsin",12.3714160212576,7.20107169524257
"1122","20/02","Wyoming",8.33147809551151,5.88043633114119
"1123","20/03","Alabama",25.6248656693159,2.12476985681408
"1124","20/03","Alaska",10.9742119261537,3.30996265513167
"1125","20/03","Arizona",25.3659629172326,2.40658715230127
"1126","20/03","Arkansas",24.9615068916247,2.67848586209651
"1127","20/03","California",23.3118208162452,1.03935228008118
"1128","20/03","Colorado",17.2177282227303,3.22797711235234
"1129","20/03","Connecticut",21.7092395382395,3.39588692567383
"1130","20/03","Delaware",23.956,3.3942139001542
"1131","20/03","District of Columbia",24.9133333333333,4.20743785852309
"1132","20/03","Florida",28.2782626341974,0.6627825541705
"1133","20/03","Georgia",25.5334609337204,2.23694159824076
"1134","20/03","Hawaii",23.4665952997532,0.247815171453598
"1135","20/03","Idaho",17.4739380376985,2.44999975054924
"1136","20/03","Illinois",22.1056819672131,3.37814134041023
"1137","20/03","Indiana",22.006473988974,3.13221251271034
"1138","20/03","Iowa",21.1404193073427,3.92075929292646
"1139","20/03","Kansas",23.3215712331356,3.73595869686229
"1140","20/03","Kentucky",23.4455919343814,2.95262349981815
"1141","20/03","Louisiana",27.3010401683837,1.64736281579007
"1142","20/03","Maine",18.425213747646,3.36072629097489
"1143","20/03","Maryland",23.5077011494253,3.69509609035061
"1144","20/03","Massachusetts",21.0601141215107,3.32293531987254
"1145","20/03","Michigan",19.0394386492783,4.06637026844765
"1146","20/03","Minnesota",18.6400683291068,4.3569712752145
"1147","20/03","Mississippi",26.3931026208933,1.8442716631562
"1148","20/03","Missouri",23.1513046923806,3.34501352525484
"1149","20/03","Montana",16.7762657204358,2.82078887329906
"1150","20/03","Nebraska",21.5919187237699,3.89054952739987
"1151","20/03","Nevada",20.6249471080054,2.55116431126739
"1152","20/03","New Hampshire",19.1726729708432,3.51487697561377
"1153","20/03","New Jersey",23.0743907828283,3.50056395629487
"1154","20/03","New Mexico",21.077236592826,3.48554447382726
"1155","20/03","New York",20.2153947112861,3.64328742509828
"1156","20/03","North Carolina",24.0800945563278,2.77823341804369
"1157","20/03","North Dakota",18.7815975896531,4.06360193895247
"1158","20/03","Ohio",21.9431427154195,3.39791891465336
"1159","20/03","Oklahoma",25.2659405117979,3.59891820679393
"1160","20/03","Oregon",18.0775276939566,1.10938423834527
"1161","20/03","Pennsylvania",21.3648831435168,3.69770933480942
"1162","20/03","Rhode Island",21.8074074074074,3.3355052800514
"1163","20/03","South Carolina",25.4750803329462,2.58885362849255
"1164","20/03","South Dakota",20.3626083578637,3.97098177201669
"1165","20/03","Tennessee",23.7960115710078,2.6786256651103
"1166","20/03","Texas",27.4030836901143,3.23720382893597
"1167","20/03","Utah",19.015322254555,3.31036100227705
"1168","20/03","Vermont",18.4927956989247,3.83053737482766
"1169","20/03","Virginia",23.2626155432402,3.52784697764007
"1170","20/03","Washington",17.106248502884,0.959097706651243
"1171","20/03","West Virginia",21.6353777472528,3.28754703401811
"1172","20/03","Wisconsin",19.3586407522073,4.18248586118462
"1173","20/03","Wyoming",16.1662296298414,3.46827230783063
"1174","20/04","Alabama",13.5126388130214,5.90805498677806
"1175","20/04","Alaska",-6.44272382127372,5.17712882797323
"1176","20/04","Arizona",11.3229668690815,6.43733946944651
"1177","20/04","Arkansas",11.0297080348097,4.86386975044388
"1178","20/04","California",12.3426458968383,5.60759217460701
"1179","20/04","Colorado",1.8968432575473,5.94133346948115
"1180","20/04","Connecticut",6.90463924963926,5.47434044902718
"1181","20/04","Delaware",9.856,5.61973629274542
"1182","20/04","District of Columbia",10.3983333333333,5.78005262375122
"1183","20/04","Florida",21.3750622389888,5.1542528737871
"1184","20/04","Georgia",13.9777739592692,6.12117935640317
"1185","20/04","Hawaii",22.205835065835,0.79080364924288
"1186","20/04","Idaho",1.38498661944116,5.38505588237343
"1187","20/04","Illinois",6.39753632058289,5.49586328301045
"1188","20/04","Indiana",6.99694360269361,5.49459466735763
"1189","20/04","Iowa",3.59659215362307,5.54391179491486
"1190","20/04","Kansas",7.47988362506342,4.81679022890571
"1191","20/04","Kentucky",9.08655198135197,5.70450916988437
"1192","20/04","Louisiana",15.7478721174004,4.86763156614556
"1193","20/04","Maine",3.11830117129957,4.99007059024417
"1194","20/04","Maryland",9.43533950617284,5.76726799085178
"1195","20/04","Massachusetts",6.59470655806181,5.1902636267953
"1196","20/04","Michigan",3.37771501868058,4.5411513552798
"1197","20/04","Minnesota",-0.25234870121039,5.21722591840188
"1198","20/04","Mississippi",14.2623311160384,5.44620654250611
"1199","20/04","Missouri",7.92370635942942,5.03026143974555
"1200","20/04","Montana",0.779918050745011,3.1908013886234
"1201","20/04","Nebraska",4.43158392073935,4.50340209207905
"1202","20/04","Nevada",4.80023651089635,6.18608578735754
"1203","20/04","New Hampshire",3.68580998389694,5.26661017631077
"1204","20/04","New Jersey",8.55873161764705,5.5840429435308
"1205","20/04","New Mexico",6.68859271835502,6.0283538772783
"1206","20/04","New York",5.52372485025393,5.43263384578957
"1207","20/04","North Carolina",11.765178752523,5.84510297459504
"1208","20/04","North Dakota",-0.429933482802032,4.00824928488089
"1209","20/04","Ohio",6.91824070053553,5.55398549694387
"1210","20/04","Oklahoma",10.5242730389191,4.88804641594026
"1211","20/04","Oregon",5.57741193890017,4.56623494926068
"1212","20/04","Pennsylvania",6.51933618789522,5.71788970312296
"1213","20/04","Rhode Island",7.46777777777779,5.37309977895145
"1214","20/04","South Carolina",13.5901568496207,6.07612274265799
"1215","20/04","South Dakota",2.26350971506773,3.76764825593137
"1216","20/04","Tennessee",10.1303597694295,5.89553587157172
"1217","20/04","Texas",14.8159818725558,4.834136083976
"1218","20/04","Utah",2.64522493614304,6.48495462981214
"1219","20/04","Vermont",2.9271875,5.35926287236932
"1220","20/04","Virginia",9.94371844660194,5.77901241140023
"1221","20/04","Washington",4.54612624131888,3.92348538205979
"1222","20/04","West Virginia",7.40751401383987,5.97492942926298
"1223","20/04","Wisconsin",2.20514024586028,5.17203833283731
"1224","20/04","Wyoming",-0.336771018029427,4.65309562009947
"1225","21/01","Alabama",10.0781810122502,4.15497496089516
"1226","21/01","Alaska",-11.5790800552659,2.67794246331441
"1227","21/01","Arizona",6.86464708186447,1.67143095831453
"1228","21/01","Arkansas",6.19840843489948,5.88806362325314
"1229","21/01","California",8.35911684144439,0.327205545418482
"1230","21/01","Colorado",-2.74563342939481,2.81502111832724
"1231","21/01","Connecticut",0.30888888888889,3.28394812205211
"1232","21/01","Delaware",3.98,3.76809288632857
"1233","21/01","District of Columbia",4.69166666666667,3.87122181401858
"1234","21/01","Florida",18.4902497846684,2.36663956792523
"1235","21/01","Georgia",10.4347115902965,3.63290912042926
"1236","21/01","Hawaii",19.9923773773774,0.495457718628478
"1237","21/01","Idaho",-1.90711254670524,2.87998602566824
"1238","21/01","Illinois",-0.443618959973753,7.25308439291803
"1239","21/01","Indiana",0.731409192324856,6.30257488925964
"1240","21/01","Iowa",-3.43471694087021,8.35126530883755
"1241","21/01","Kansas",1.6359099912916,6.80398648137012
"1242","21/01","Kentucky",4.02498166217343,5.40803668450779
"1243","21/01","Louisiana",11.9860102089269,4.33653801502962
"1244","21/01","Maine",-4.24846386128969,3.15202453638825
"1245","21/01","Maryland",3.73686249467859,4.07860031011539
"1246","21/01","Massachusetts",-0.0552683792815369,3.05268116467311
"1247","21/01","Michigan",-3.16971152651023,5.28231725774988
"1248","21/01","Minnesota",-6.54722426163448,8.00083019705413
"1249","21/01","Mississippi",10.2034278002699,4.77901364946466
"1250","21/01","Missouri",1.91076422674333,7.22928871341978
"1251","21/01","Montana",-3.46951373704027,5.58780585970138
"1252","21/01","Nebraska",-1.59334716582007,7.25028664591543
"1253","21/01","Nevada",1.20747366352201,1.38796418097743
"1254","21/01","New Hampshire",-3.50319277418029,3.41823904598107
"1255","21/01","New Jersey",2.17135416666667,3.62680959003091
"1256","21/01","New Mexico",2.57906087198883,2.7397385908854
"1257","21/01","New York",-1.832380452504,3.94046727350706
"1258","21/01","North Carolina",7.23018024611879,3.68917602884012
"1259","21/01","North Dakota",-6.21521024205803,8.29993083202057
"1260","21/01","Ohio",0.731469907407408,5.6068759858181
"1261","21/01","Oklahoma",5.29181884267951,6.42049620597241
"1262","21/01","Oregon",2.5434436601016,1.35815922146352
"1263","21/01","Pennsylvania",0.44087459672216,4.15232722255682
"1264","21/01","Rhode Island",0.931481481481481,2.75596532198195
"1265","21/01","South Carolina",9.53157981927711,3.57030786143697
"1266","21/01","South Dakota",-3.27794158765211,7.26179265966805
"1267","21/01","Tennessee",6.07803854733762,4.80544059620024
"1268","21/01","Texas",10.3028666820192,4.49849722734133
"1269","21/01","Utah",-1.1699583728845,2.44036780644306
"1270","21/01","Vermont",-4.89327777777778,3.63246392750244
"1271","21/01","Virginia",4.6997991623834,3.85692906737574
"1272","21/01","Washington",1.67465893474101,2.16763447480247
"1273","21/01","West Virginia",2.17251579682088,4.49124599832019
"1274","21/01","Wisconsin",-4.88423991535089,7.25289406455106
"1275","21/01","Wyoming",-4.96179087595828,3.89365646358649
"1276","21/02","Alabama",20.4728629930323,4.36301023827061
"1277","21/02","Alaska",5.65335820527975,6.91524065018226
"1278","21/02","Arizona",19.4749438862448,5.25204611346537
"1279","21/02","Arkansas",19.4761924044841,5.21245667658008
"1280","21/02","California",15.0770194865562,1.91987625641685
"1281","21/02","Colorado",10.5256220904386,5.99378081898774
"1282","21/02","Connecticut",14.9317962962963,5.64670494989354
"1283","21/02","Delaware",17.616,5.31963119022362
"1284","21/02","District of Columbia",18.6983333333333,5.25670127868546
"1285","21/02","Florida",24.753158878865,2.75363133349514
"1286","21/02","Georgia",20.3893677495921,4.25717246886054
"1287","21/02","Hawaii",21.3965528686582,1.11513325350616
"1288","21/02","Idaho",11.1069871192846,6.55061827272884
"1289","21/02","Illinois",16.8692930447331,6.09598718623012
"1290","21/02","Indiana",16.4699278372823,5.8706519235799
"1291","21/02","Iowa",15.9200268817204,6.83580313516181
"1292","21/02","Kansas",17.4558061733275,6.57380067277994
"1293","21/02","Kentucky",17.576642042042,5.27424839406181
"1294","21/02","Louisiana",22.643894424541,4.30470125072597
"1295","21/02","Maine",12.7182437251088,6.105661681722
"1296","21/02","Maryland",17.344367816092,5.1066440172879
"1297","21/02","Massachusetts",14.5142198003426,6.02738148514476
"1298","21/02","Michigan",12.9505662587868,6.37578301330604
"1299","21/02","Minnesota",13.208097328863,7.64643994313701
"1300","21/02","Mississippi",21.2933354700855,4.44599876884942
"1301","21/02","Missouri",17.6012725961971,5.86144564919082
"1302","21/02","Montana",10.1423735049923,6.76785427768722
"1303","21/02","Nebraska",15.270858783008,7.2624125211567
"1304","21/02","Nevada",13.6086824179878,6.47395262166531
"1305","21/02","New Hampshire",13.0193950117964,6.27907651704692
"1306","21/02","New Jersey",16.4297771836007,5.43739008197375
"1307","21/02","New Mexico",15.5985105356454,5.517033390896
"1308","21/02","New York",13.8874667749865,5.96530135637697
"1309","21/02","North Carolina",18.6295650215433,4.34096552634595
"1310","21/02","North Dakota",12.3551224772623,8.00051557363356
"1311","21/02","Ohio",15.9619510484606,5.80963343462562
"1312","21/02","Oklahoma",19.3878560296123,5.6099355396275
"1313","21/02","Oregon",12.3556616748211,5.00684375456489
"1314","21/02","Pennsylvania",15.0097339217629,5.44692833531315
"1315","21/02","Rhode Island",14.5407407407407,5.73962535161962
"1316","21/02","South Carolina",20.2917339969635,4.16041972077884
"1317","21/02","South Dakota",13.6881923076923,7.99515249876248
"1318","21/02","Tennessee",17.9584713851751,4.96621044499606
"1319","21/02","Texas",22.3423629620747,4.49469455505631
"1320","21/02","Utah",12.2391938432085,6.62147612902096
"1321","21/02","Vermont",12.6376702508961,6.21188477103692
"1322","21/02","Virginia",17.4067691673013,4.82958639945286
"1323","21/02","Washington",11.9195164637236,4.80058566764636
"1324","21/02","West Virginia",15.425287226776,5.25759717405478
"1325","21/02","Wisconsin",13.8557953912559,6.85143432078285
"1326","21/02","Wyoming",9.16765879419717,7.29658842676499
"1327","21/03","Alabama",25.3168801095405,1.81552268478713
"1328","21/03","Alaska",10.1270089948168,4.07821235017418
"1329","21/03","Arizona",23.7014396746853,1.5762436832706
"1330","21/03","Arkansas",25.653235162374,1.82006731695411
"1331","21/03","California",23.1897191358238,1.79404781531254
"1332","21/03","Colorado",17.442838179902,2.13892888104208
"1333","21/03","Connecticut",21.1795419103314,2.12969563002989
"1334","21/03","Delaware",23.928,2.34519679344826
"1335","21/03","District of Columbia",24.9283333333333,3.08267875934768
"1336","21/03","Florida",27.8723310861592,0.707050542190811
"1337","21/03","Georgia",25.0891533364155,1.9610187712749
"1338","21/03","Hawaii",22.9338888888889,0.192362464896951
"1339","21/03","Idaho",17.8826494886875,4.11111032725059
"1340","21/03","Illinois",22.8894928135188,1.8320651973886
"1341","21/03","Indiana",22.5889761095665,1.9104747245964
"1342","21/03","Iowa",21.8257472830662,2.11373118445915
"1343","21/03","Kansas",24.8224292871638,1.68223130592747
"1344","21/03","Kentucky",23.4157769373783,2.31410579594236
"1345","21/03","Louisiana",27.0970296023076,1.73551051545637
"1346","21/03","Maine",18.3698938242743,2.44139565985785
"1347","21/03","Maryland",23.5182967032967,2.40103992889709
"1348","21/03","Massachusetts",20.7652964165464,2.18006583227863
"1349","21/03","Michigan",19.3931208387459,2.75743223875697
"1350","21/03","Minnesota",19.6928378932968,2.83618911513894
"1351","21/03","Mississippi",26.1337231968811,1.87975785915463
"1352","21/03","Missouri",24.1078301162559,1.83208390771756
"1353","21/03","Montana",17.6959017171037,3.85174196697075
"1354","21/03","Nebraska",22.5224132249729,2.2437653185879
"1355","21/03","Nevada",20.5995894879306,3.39817174426337
"1356","21/03","New Hampshire",18.7941425736961,2.36383407389602
"1357","21/03","New Jersey",23.046871657754,2.27583299076473
"1358","21/03","New Mexico",20.4888855052413,1.50846047839419
"1359","21/03","New York",20.0617140337927,2.41700501373693
"1360","21/03","North Carolina",23.7753693693694,2.16416903912335
"1361","21/03","North Dakota",20.3197971277633,3.22491278965734
"1362","21/03","Ohio",22.1297675120773,2.22010186650681
"1363","21/03","Oklahoma",26.28827266028,1.21361545183505
"1364","21/03","Oregon",18.3672968555988,2.96448408736727
"1365","21/03","Pennsylvania",21.2789113707609,2.5433513352919
"1366","21/03","Rhode Island",21.0225,2.01358161927944
"1367","21/03","South Carolina",25.0208052511063,2.06919149594929
"1368","21/03","South Dakota",21.4863171794279,2.90233621302268
"1369","21/03","Tennessee",23.4800774194189,2.43856418815555
"1370","21/03","Texas",27.0812906010593,1.12547304420194
"1371","21/03","Utah",18.7262256948924,3.12964235902441
"1372","21/03","Vermont",18.4133042887158,2.61902806145922
"1373","21/03","Virginia",23.322793138121,2.41520959491445
"1374","21/03","Washington",17.3156003734827,2.97194133963697
"1375","21/03","West Virginia",21.5940151515151,2.46666714480489
"1376","21/03","Wisconsin",19.7580246011365,2.57831989086457
"1377","21/03","Wyoming",16.5527017697821,3.32653921702302
"1378","21/04","Alabama",14.6043044007964,4.46948500363171
"1379","21/04","Alaska",-8.82491085986757,7.22448122196823
"1380","21/04","Arizona",11.1100550893042,3.82383376281871
"1381","21/04","Arkansas",13.1932974910394,4.7418227308826
"1382","21/04","California",11.1513622801508,3.92520833519786
"1383","21/04","Colorado",3.15776240078948,4.19944070131642
"1384","21/04","Connecticut",7.29574074074073,5.78706255411008
"1385","21/04","Delaware",10.4681111111111,5.97798597014574
"1386","21/04","District of Columbia",11.1016666666667,6.2781612223113
"1387","21/04","Florida",21.4350764003337,3.24395957097932
"1388","21/04","Georgia",14.3823678050217,4.19767675807711
"1389","21/04","Hawaii",21.3938124889595,0.945576870312442
"1390","21/04","Idaho",2.09478975641382,5.22237369647959
"1391","21/04","Illinois",8.10132767716537,6.44751403313491
"1392","21/04","Indiana",8.41177111006929,6.41877436514147
"1393","21/04","Iowa",5.6902320356818,6.80180743557272
"1394","21/04","Kansas",9.47614241001566,5.09133762368119
"1395","21/04","Kentucky",10.7571799812064,5.58489434129229
"1396","21/04","Louisiana",17.5934545454545,4.31062771598117
"1397","21/04","Maine",3.39072815826294,7.00291024043451
"1398","21/04","Maryland",10.1850451559934,5.95100907821897
"1399","21/04","Massachusetts",7.02781818181817,5.81914000916637
"1400","21/04","Michigan",4.78927936809308,7.16571828826255
"1401","21/04","Minnesota",1.2854500745581,9.16811033708697
"1402","21/04","Mississippi",15.7653846153846,4.34749620749251
"1403","21/04","Missouri",10.1281866846148,4.94725039650148
"1404","21/04","Montana",0.97295359887016,6.7073083801874
"1405","21/04","Nebraska",6.23434255876793,5.45632139952304
"1406","21/04","Nevada",4.74470646455175,4.59945811735657
"1407","21/04","New Hampshire",4.22305329401264,6.51227425390819
"1408","21/04","New Jersey",9.17960487225192,6.00528032232492
"1409","21/04","New Mexico",7.63731776705173,3.68780705511826
"1410","21/04","New York",6.24850967847769,6.35393941212977
"1411","21/04","North Carolina",12.2581369163024,4.8107094247456
"1412","21/04","North Dakota",-0.140819719427324,9.74707790997217
"1413","21/04","Ohio",8.33144505879059,6.44441078967805
"1414","21/04","Oklahoma",13.006767744333,4.40777694016465
"1415","21/04","Oregon",5.15519383918124,3.93964508016746
"1416","21/04","Pennsylvania",7.47811111515623,6.23924649097771
"1417","21/04","Rhode Island",7.89833333333333,5.72972816945388
"1418","21/04","South Carolina",13.8139754517841,4.490831346532
"1419","21/04","South Dakota",3.38648599157664,7.27679252985292
"1420","21/04","Tennessee",11.4970692896175,5.0449736284693
"1421","21/04","Texas",17.0923151349301,3.81950842311894
"1422","21/04","Utah",3.23280143556498,4.46400856418695
"1423","21/04","Vermont",3.38190658602151,6.87969277434128
"1424","21/04","Virginia",10.585577234194,5.53285583652612
"1425","21/04","Washington",3.52273246032324,4.58463059806138
"1426","21/04","West Virginia",8.56548733604702,5.73599412297808
"1427","21/04","Wisconsin",3.70439004487964,7.96741928062543
"1428","21/04","Wyoming",1.10428034875922,4.88279798265383
